asset_id,kind,file,origin,tool,licence,notes
bosses,texture atlas,Assets/_EvilCats/Art/Resources/ECArt/bosses.png,"original, generated",Tools/art/gen_bosses.py,project-owned (original),sprite atlas
bosses_atlas,atlas metadata,Assets/_EvilCats/Art/Resources/ECArt/bosses_atlas.json,"original, generated",Tools/art/build_all.py,project-owned (original),"sprite rectangles, pivots, anchors, animations"
bosses_flash,texture atlas,Assets/_EvilCats/Art/Resources/ECArt/bosses_flash.png,"original, generated",Tools/art/gen_bosses.py,project-owned (original),white hit-flash silhouettes of bosses
citadel,texture atlas,Assets/_EvilCats/Art/Resources/ECArt/citadel.png,"original, generated",Tools/art/gen_citadel.py,project-owned (original),sprite atlas
citadel_atlas,atlas metadata,Assets/_EvilCats/Art/Resources/ECArt/citadel_atlas.json,"original, generated",Tools/art/build_all.py,project-owned (original),"sprite rectangles, pivots, anchors, animations"
enemies,texture atlas,Assets/_EvilCats/Art/Resources/ECArt/enemies.png,"original, generated",Tools/art/gen_enemies.py,project-owned (original),sprite atlas
enemies_atlas,atlas metadata,Assets/_EvilCats/Art/Resources/ECArt/enemies_atlas.json,"original, generated",Tools/art/build_all.py,project-owned (original),"sprite rectangles, pivots, anchors, animations"
enemies_flash,texture atlas,Assets/_EvilCats/Art/Resources/ECArt/enemies_flash.png,"original, generated",Tools/art/gen_enemies.py,project-owned (original),white hit-flash silhouettes of enemies
env_gravewood,texture atlas,Assets/_EvilCats/Art/Resources/ECArt/env_gravewood.png,"original, generated",Tools/art/gen_env.py,project-owned (original),sprite atlas
env_gravewood_atlas,atlas metadata,Assets/_EvilCats/Art/Resources/ECArt/env_gravewood_atlas.json,"original, generated",Tools/art/build_all.py,project-owned (original),"sprite rectangles, pivots, anchors, animations"
env_moonfall,texture atlas,Assets/_EvilCats/Art/Resources/ECArt/env_moonfall.png,"original, generated",Tools/art/gen_env.py,project-owned (original),sprite atlas
env_moonfall_atlas,atlas metadata,Assets/_EvilCats/Art/Resources/ECArt/env_moonfall_atlas.json,"original, generated",Tools/art/build_all.py,project-owned (original),"sprite rectangles, pivots, anchors, animations"
fx,texture atlas,Assets/_EvilCats/Art/Resources/ECArt/fx.png,"original, generated",Tools/art/gen_fx.py,project-owned (original),sprite atlas
fx_atlas,atlas metadata,Assets/_EvilCats/Art/Resources/ECArt/fx_atlas.json,"original, generated",Tools/art/build_all.py,project-owned (original),"sprite rectangles, pivots, anchors, animations"
hero,texture atlas,Assets/_EvilCats/Art/Resources/ECArt/hero.png,"original, generated",Tools/art/gen_hero.py,project-owned (original),sprite atlas
hero_atlas,atlas metadata,Assets/_EvilCats/Art/Resources/ECArt/hero_atlas.json,"original, generated",Tools/art/build_all.py,project-owned (original),"sprite rectangles, pivots, anchors, animations"
icons,texture atlas,Assets/_EvilCats/Art/Resources/ECArt/icons.png,"original, generated",Tools/art/gen_icons.py,project-owned (original),sprite atlas
icons_atlas,atlas metadata,Assets/_EvilCats/Art/Resources/ECArt/icons_atlas.json,"original, generated",Tools/art/build_all.py,project-owned (original),"sprite rectangles, pivots, anchors, animations"
portraits,texture atlas,Assets/_EvilCats/Art/Resources/ECArt/portraits.png,"original, generated",Tools/art/gen_icons.py,project-owned (original),sprite atlas
portraits_atlas,atlas metadata,Assets/_EvilCats/Art/Resources/ECArt/portraits_atlas.json,"original, generated",Tools/art/build_all.py,project-owned (original),"sprite rectangles, pivots, anchors, animations"
stations,texture atlas,Assets/_EvilCats/Art/Resources/ECArt/stations.png,"original, generated",Tools/art/gen_stations.py,project-owned (original),sprite atlas
stations_atlas,atlas metadata,Assets/_EvilCats/Art/Resources/ECArt/stations_atlas.json,"original, generated",Tools/art/build_all.py,project-owned (original),"sprite rectangles, pivots, anchors, animations"
ui,texture atlas,Assets/_EvilCats/Art/Resources/ECArt/ui.png,"original, generated",Tools/art/gen_ui.py,project-owned (original),sprite atlas
ui_atlas,atlas metadata,Assets/_EvilCats/Art/Resources/ECArt/ui_atlas.json,"original, generated",Tools/art/build_all.py,project-owned (original),"sprite rectangles, pivots, anchors, animations"
boss/king_goldenfang/command/0,sprite,Art/Resources/ECArt/bosses.png#boss/king_goldenfang/command/0,"original, generated",Tools/art/gen_bosses.py:build,project-owned (original),
boss/king_goldenfang/command/1,sprite,Art/Resources/ECArt/bosses.png#boss/king_goldenfang/command/1,"original, generated",Tools/art/gen_bosses.py:build,project-owned (original),
boss/king_goldenfang/command/2,sprite,Art/Resources/ECArt/bosses.png#boss/king_goldenfang/command/2,"original, generated",Tools/art/gen_bosses.py:build,project-owned (original),
boss/king_goldenfang/command/3,sprite,Art/Resources/ECArt/bosses.png#boss/king_goldenfang/command/3,"original, generated",Tools/art/gen_bosses.py:build,project-owned (original),
boss/king_goldenfang/defeat/0,sprite,Art/Resources/ECArt/bosses.png#boss/king_goldenfang/defeat/0,"original, generated",Tools/art/gen_bosses.py:build,project-owned (original),
boss/king_goldenfang/defeat/1,sprite,Art/Resources/ECArt/bosses.png#boss/king_goldenfang/defeat/1,"original, generated",Tools/art/gen_bosses.py:build,project-owned (original),
boss/king_goldenfang/defeat/2,sprite,Art/Resources/ECArt/bosses.png#boss/king_goldenfang/defeat/2,"original, generated",Tools/art/gen_bosses.py:build,project-owned (original),
boss/king_goldenfang/defeat/3,sprite,Art/Resources/ECArt/bosses.png#boss/king_goldenfang/defeat/3,"original, generated",Tools/art/gen_bosses.py:build,project-owned (original),
boss/king_goldenfang/defeat/4,sprite,Art/Resources/ECArt/bosses.png#boss/king_goldenfang/defeat/4,"original, generated",Tools/art/gen_bosses.py:build,project-owned (original),
boss/king_goldenfang/defeat/5,sprite,Art/Resources/ECArt/bosses.png#boss/king_goldenfang/defeat/5,"original, generated",Tools/art/gen_bosses.py:build,project-owned (original),
boss/king_goldenfang/hit/0,sprite,Art/Resources/ECArt/bosses.png#boss/king_goldenfang/hit/0,"original, generated",Tools/art/gen_bosses.py:build,project-owned (original),
boss/king_goldenfang/hit/1,sprite,Art/Resources/ECArt/bosses.png#boss/king_goldenfang/hit/1,"original, generated",Tools/art/gen_bosses.py:build,project-owned (original),
boss/king_goldenfang/idle/0,sprite,Art/Resources/ECArt/bosses.png#boss/king_goldenfang/idle/0,"original, generated",Tools/art/gen_bosses.py:build,project-owned (original),
boss/king_goldenfang/idle/1,sprite,Art/Resources/ECArt/bosses.png#boss/king_goldenfang/idle/1,"original, generated",Tools/art/gen_bosses.py:build,project-owned (original),
boss/king_goldenfang/idle/2,sprite,Art/Resources/ECArt/bosses.png#boss/king_goldenfang/idle/2,"original, generated",Tools/art/gen_bosses.py:build,project-owned (original),
boss/king_goldenfang/idle/3,sprite,Art/Resources/ECArt/bosses.png#boss/king_goldenfang/idle/3,"original, generated",Tools/art/gen_bosses.py:build,project-owned (original),
boss/king_goldenfang/roar/0,sprite,Art/Resources/ECArt/bosses.png#boss/king_goldenfang/roar/0,"original, generated",Tools/art/gen_bosses.py:build,project-owned (original),
boss/king_goldenfang/roar/1,sprite,Art/Resources/ECArt/bosses.png#boss/king_goldenfang/roar/1,"original, generated",Tools/art/gen_bosses.py:build,project-owned (original),
boss/king_goldenfang/roar/2,sprite,Art/Resources/ECArt/bosses.png#boss/king_goldenfang/roar/2,"original, generated",Tools/art/gen_bosses.py:build,project-owned (original),
boss/king_goldenfang/roar/3,sprite,Art/Resources/ECArt/bosses.png#boss/king_goldenfang/roar/3,"original, generated",Tools/art/gen_bosses.py:build,project-owned (original),
boss/king_goldenfang/volley/0,sprite,Art/Resources/ECArt/bosses.png#boss/king_goldenfang/volley/0,"original, generated",Tools/art/gen_bosses.py:build,project-owned (original),
boss/king_goldenfang/volley/1,sprite,Art/Resources/ECArt/bosses.png#boss/king_goldenfang/volley/1,"original, generated",Tools/art/gen_bosses.py:build,project-owned (original),
boss/king_goldenfang/volley/2,sprite,Art/Resources/ECArt/bosses.png#boss/king_goldenfang/volley/2,"original, generated",Tools/art/gen_bosses.py:build,project-owned (original),
boss/king_goldenfang/volley/3,sprite,Art/Resources/ECArt/bosses.png#boss/king_goldenfang/volley/3,"original, generated",Tools/art/gen_bosses.py:build,project-owned (original),
boss/king_goldenfang/walk/0,sprite,Art/Resources/ECArt/bosses.png#boss/king_goldenfang/walk/0,"original, generated",Tools/art/gen_bosses.py:build,project-owned (original),
boss/king_goldenfang/walk/1,sprite,Art/Resources/ECArt/bosses.png#boss/king_goldenfang/walk/1,"original, generated",Tools/art/gen_bosses.py:build,project-owned (original),
boss/king_goldenfang/walk/2,sprite,Art/Resources/ECArt/bosses.png#boss/king_goldenfang/walk/2,"original, generated",Tools/art/gen_bosses.py:build,project-owned (original),
boss/king_goldenfang/walk/3,sprite,Art/Resources/ECArt/bosses.png#boss/king_goldenfang/walk/3,"original, generated",Tools/art/gen_bosses.py:build,project-owned (original),
boss/king_goldenfang/windup/0,sprite,Art/Resources/ECArt/bosses.png#boss/king_goldenfang/windup/0,"original, generated",Tools/art/gen_bosses.py:build,project-owned (original),
boss/king_goldenfang/windup/1,sprite,Art/Resources/ECArt/bosses.png#boss/king_goldenfang/windup/1,"original, generated",Tools/art/gen_bosses.py:build,project-owned (original),
boss/king_goldenfang/windup/2,sprite,Art/Resources/ECArt/bosses.png#boss/king_goldenfang/windup/2,"original, generated",Tools/art/gen_bosses.py:build,project-owned (original),
boss/king_goldenfang/windup/3,sprite,Art/Resources/ECArt/bosses.png#boss/king_goldenfang/windup/3,"original, generated",Tools/art/gen_bosses.py:build,project-owned (original),
boss/mother_carrion/barrage/0,sprite,Art/Resources/ECArt/bosses.png#boss/mother_carrion/barrage/0,"original, generated",Tools/art/gen_bosses.py:build,project-owned (original),
boss/mother_carrion/barrage/1,sprite,Art/Resources/ECArt/bosses.png#boss/mother_carrion/barrage/1,"original, generated",Tools/art/gen_bosses.py:build,project-owned (original),
boss/mother_carrion/barrage/2,sprite,Art/Resources/ECArt/bosses.png#boss/mother_carrion/barrage/2,"original, generated",Tools/art/gen_bosses.py:build,project-owned (original),
boss/mother_carrion/barrage/3,sprite,Art/Resources/ECArt/bosses.png#boss/mother_carrion/barrage/3,"original, generated",Tools/art/gen_bosses.py:build,project-owned (original),
boss/mother_carrion/defeat/0,sprite,Art/Resources/ECArt/bosses.png#boss/mother_carrion/defeat/0,"original, generated",Tools/art/gen_bosses.py:build,project-owned (original),
boss/mother_carrion/defeat/1,sprite,Art/Resources/ECArt/bosses.png#boss/mother_carrion/defeat/1,"original, generated",Tools/art/gen_bosses.py:build,project-owned (original),
boss/mother_carrion/defeat/2,sprite,Art/Resources/ECArt/bosses.png#boss/mother_carrion/defeat/2,"original, generated",Tools/art/gen_bosses.py:build,project-owned (original),
boss/mother_carrion/defeat/3,sprite,Art/Resources/ECArt/bosses.png#boss/mother_carrion/defeat/3,"original, generated",Tools/art/gen_bosses.py:build,project-owned (original),
boss/mother_carrion/defeat/4,sprite,Art/Resources/ECArt/bosses.png#boss/mother_carrion/defeat/4,"original, generated",Tools/art/gen_bosses.py:build,project-owned (original),
boss/mother_carrion/defeat/5,sprite,Art/Resources/ECArt/bosses.png#boss/mother_carrion/defeat/5,"original, generated",Tools/art/gen_bosses.py:build,project-owned (original),
boss/mother_carrion/fly/0,sprite,Art/Resources/ECArt/bosses.png#boss/mother_carrion/fly/0,"original, generated",Tools/art/gen_bosses.py:build,project-owned (original),
boss/mother_carrion/fly/1,sprite,Art/Resources/ECArt/bosses.png#boss/mother_carrion/fly/1,"original, generated",Tools/art/gen_bosses.py:build,project-owned (original),
boss/mother_carrion/fly/2,sprite,Art/Resources/ECArt/bosses.png#boss/mother_carrion/fly/2,"original, generated",Tools/art/gen_bosses.py:build,project-owned (original),
boss/mother_carrion/fly/3,sprite,Art/Resources/ECArt/bosses.png#boss/mother_carrion/fly/3,"original, generated",Tools/art/gen_bosses.py:build,project-owned (original),
boss/mother_carrion/hit/0,sprite,Art/Resources/ECArt/bosses.png#boss/mother_carrion/hit/0,"original, generated",Tools/art/gen_bosses.py:build,project-owned (original),
boss/mother_carrion/hit/1,sprite,Art/Resources/ECArt/bosses.png#boss/mother_carrion/hit/1,"original, generated",Tools/art/gen_bosses.py:build,project-owned (original),
boss/mother_carrion/mark/0,sprite,Art/Resources/ECArt/bosses.png#boss/mother_carrion/mark/0,"original, generated",Tools/art/gen_bosses.py:build,project-owned (original),
boss/mother_carrion/mark/1,sprite,Art/Resources/ECArt/bosses.png#boss/mother_carrion/mark/1,"original, generated",Tools/art/gen_bosses.py:build,project-owned (original),
boss/mother_carrion/mark/2,sprite,Art/Resources/ECArt/bosses.png#boss/mother_carrion/mark/2,"original, generated",Tools/art/gen_bosses.py:build,project-owned (original),
boss/mother_carrion/mark/3,sprite,Art/Resources/ECArt/bosses.png#boss/mother_carrion/mark/3,"original, generated",Tools/art/gen_bosses.py:build,project-owned (original),
boss/mother_carrion/summon/0,sprite,Art/Resources/ECArt/bosses.png#boss/mother_carrion/summon/0,"original, generated",Tools/art/gen_bosses.py:build,project-owned (original),
boss/mother_carrion/summon/1,sprite,Art/Resources/ECArt/bosses.png#boss/mother_carrion/summon/1,"original, generated",Tools/art/gen_bosses.py:build,project-owned (original),
boss/mother_carrion/summon/2,sprite,Art/Resources/ECArt/bosses.png#boss/mother_carrion/summon/2,"original, generated",Tools/art/gen_bosses.py:build,project-owned (original),
boss/mother_carrion/summon/3,sprite,Art/Resources/ECArt/bosses.png#boss/mother_carrion/summon/3,"original, generated",Tools/art/gen_bosses.py:build,project-owned (original),
boss/sir_barkhelm/attack/0,sprite,Art/Resources/ECArt/bosses.png#boss/sir_barkhelm/attack/0,"original, generated",Tools/art/gen_bosses.py:build,project-owned (original),
boss/sir_barkhelm/attack/1,sprite,Art/Resources/ECArt/bosses.png#boss/sir_barkhelm/attack/1,"original, generated",Tools/art/gen_bosses.py:build,project-owned (original),
boss/sir_barkhelm/attack/2,sprite,Art/Resources/ECArt/bosses.png#boss/sir_barkhelm/attack/2,"original, generated",Tools/art/gen_bosses.py:build,project-owned (original),
boss/sir_barkhelm/attack/3,sprite,Art/Resources/ECArt/bosses.png#boss/sir_barkhelm/attack/3,"original, generated",Tools/art/gen_bosses.py:build,project-owned (original),
boss/sir_barkhelm/charge/0,sprite,Art/Resources/ECArt/bosses.png#boss/sir_barkhelm/charge/0,"original, generated",Tools/art/gen_bosses.py:build,project-owned (original),
boss/sir_barkhelm/charge/1,sprite,Art/Resources/ECArt/bosses.png#boss/sir_barkhelm/charge/1,"original, generated",Tools/art/gen_bosses.py:build,project-owned (original),
boss/sir_barkhelm/charge/2,sprite,Art/Resources/ECArt/bosses.png#boss/sir_barkhelm/charge/2,"original, generated",Tools/art/gen_bosses.py:build,project-owned (original),
boss/sir_barkhelm/charge/3,sprite,Art/Resources/ECArt/bosses.png#boss/sir_barkhelm/charge/3,"original, generated",Tools/art/gen_bosses.py:build,project-owned (original),
boss/sir_barkhelm/defeat/0,sprite,Art/Resources/ECArt/bosses.png#boss/sir_barkhelm/defeat/0,"original, generated",Tools/art/gen_bosses.py:build,project-owned (original),
boss/sir_barkhelm/defeat/1,sprite,Art/Resources/ECArt/bosses.png#boss/sir_barkhelm/defeat/1,"original, generated",Tools/art/gen_bosses.py:build,project-owned (original),
boss/sir_barkhelm/defeat/2,sprite,Art/Resources/ECArt/bosses.png#boss/sir_barkhelm/defeat/2,"original, generated",Tools/art/gen_bosses.py:build,project-owned (original),
boss/sir_barkhelm/defeat/3,sprite,Art/Resources/ECArt/bosses.png#boss/sir_barkhelm/defeat/3,"original, generated",Tools/art/gen_bosses.py:build,project-owned (original),
boss/sir_barkhelm/defeat/4,sprite,Art/Resources/ECArt/bosses.png#boss/sir_barkhelm/defeat/4,"original, generated",Tools/art/gen_bosses.py:build,project-owned (original),
boss/sir_barkhelm/defeat/5,sprite,Art/Resources/ECArt/bosses.png#boss/sir_barkhelm/defeat/5,"original, generated",Tools/art/gen_bosses.py:build,project-owned (original),
boss/sir_barkhelm/hit/0,sprite,Art/Resources/ECArt/bosses.png#boss/sir_barkhelm/hit/0,"original, generated",Tools/art/gen_bosses.py:build,project-owned (original),
boss/sir_barkhelm/hit/1,sprite,Art/Resources/ECArt/bosses.png#boss/sir_barkhelm/hit/1,"original, generated",Tools/art/gen_bosses.py:build,project-owned (original),
boss/sir_barkhelm/shield/0,sprite,Art/Resources/ECArt/bosses.png#boss/sir_barkhelm/shield/0,"original, generated",Tools/art/gen_bosses.py:build,project-owned (original),
boss/sir_barkhelm/shield/1,sprite,Art/Resources/ECArt/bosses.png#boss/sir_barkhelm/shield/1,"original, generated",Tools/art/gen_bosses.py:build,project-owned (original),
boss/sir_barkhelm/shield/2,sprite,Art/Resources/ECArt/bosses.png#boss/sir_barkhelm/shield/2,"original, generated",Tools/art/gen_bosses.py:build,project-owned (original),
boss/sir_barkhelm/shield/3,sprite,Art/Resources/ECArt/bosses.png#boss/sir_barkhelm/shield/3,"original, generated",Tools/art/gen_bosses.py:build,project-owned (original),
boss/sir_barkhelm/walk/0,sprite,Art/Resources/ECArt/bosses.png#boss/sir_barkhelm/walk/0,"original, generated",Tools/art/gen_bosses.py:build,project-owned (original),
boss/sir_barkhelm/walk/1,sprite,Art/Resources/ECArt/bosses.png#boss/sir_barkhelm/walk/1,"original, generated",Tools/art/gen_bosses.py:build,project-owned (original),
boss/sir_barkhelm/walk/2,sprite,Art/Resources/ECArt/bosses.png#boss/sir_barkhelm/walk/2,"original, generated",Tools/art/gen_bosses.py:build,project-owned (original),
boss/sir_barkhelm/walk/3,sprite,Art/Resources/ECArt/bosses.png#boss/sir_barkhelm/walk/3,"original, generated",Tools/art/gen_bosses.py:build,project-owned (original),
boss/sir_barkhelm/windup/0,sprite,Art/Resources/ECArt/bosses.png#boss/sir_barkhelm/windup/0,"original, generated",Tools/art/gen_bosses.py:build,project-owned (original),
boss/sir_barkhelm/windup/1,sprite,Art/Resources/ECArt/bosses.png#boss/sir_barkhelm/windup/1,"original, generated",Tools/art/gen_bosses.py:build,project-owned (original),
boss/sir_barkhelm/windup/2,sprite,Art/Resources/ECArt/bosses.png#boss/sir_barkhelm/windup/2,"original, generated",Tools/art/gen_bosses.py:build,project-owned (original),
boss/sir_barkhelm/windup/3,sprite,Art/Resources/ECArt/bosses.png#boss/sir_barkhelm/windup/3,"original, generated",Tools/art/gen_bosses.py:build,project-owned (original),
citadel/base,sprite,Art/Resources/ECArt/citadel.png#citadel/base,"original, generated",Tools/art/gen_citadel.py:build,project-owned (original),
citadel/cracks1,sprite,Art/Resources/ECArt/citadel.png#citadel/cracks1,"original, generated",Tools/art/gen_citadel.py:build,project-owned (original),
citadel/cracks2,sprite,Art/Resources/ECArt/citadel.png#citadel/cracks2,"original, generated",Tools/art/gen_citadel.py:build,project-owned (original),
citadel/reinforce1,sprite,Art/Resources/ECArt/citadel.png#citadel/reinforce1,"original, generated",Tools/art/gen_citadel.py:build,project-owned (original),
citadel/reinforce2,sprite,Art/Resources/ECArt/citadel.png#citadel/reinforce2,"original, generated",Tools/art/gen_citadel.py:build,project-owned (original),
citadel/reinforce3,sprite,Art/Resources/ECArt/citadel.png#citadel/reinforce3,"original, generated",Tools/art/gen_citadel.py:build,project-owned (original),
citadel/ruin,sprite,Art/Resources/ECArt/citadel.png#citadel/ruin,"original, generated",Tools/art/gen_citadel.py:build,project-owned (original),
citadel/shadow,sprite,Art/Resources/ECArt/citadel.png#citadel/shadow,"original, generated",Tools/art/gen_citadel.py:build,project-owned (original),
citadel/slot_glow,sprite,Art/Resources/ECArt/citadel.png#citadel/slot_glow,"original, generated",Tools/art/gen_citadel.py:build,project-owned (original),
citadel/stormheart/0,sprite,Art/Resources/ECArt/citadel.png#citadel/stormheart/0,"original, generated",Tools/art/gen_citadel.py:build,project-owned (original),
citadel/stormheart/1,sprite,Art/Resources/ECArt/citadel.png#citadel/stormheart/1,"original, generated",Tools/art/gen_citadel.py:build,project-owned (original),
citadel/stormheart/2,sprite,Art/Resources/ECArt/citadel.png#citadel/stormheart/2,"original, generated",Tools/art/gen_citadel.py:build,project-owned (original),
citadel/stormheart/3,sprite,Art/Resources/ECArt/citadel.png#citadel/stormheart/3,"original, generated",Tools/art/gen_citadel.py:build,project-owned (original),
enemy/bat/attack/0,sprite,Art/Resources/ECArt/enemies.png#enemy/bat/attack/0,"original, generated",Tools/art/gen_enemies.py:build,project-owned (original),
enemy/bat/attack/1,sprite,Art/Resources/ECArt/enemies.png#enemy/bat/attack/1,"original, generated",Tools/art/gen_enemies.py:build,project-owned (original),
enemy/bat/attack/2,sprite,Art/Resources/ECArt/enemies.png#enemy/bat/attack/2,"original, generated",Tools/art/gen_enemies.py:build,project-owned (original),
enemy/bat/attack/3,sprite,Art/Resources/ECArt/enemies.png#enemy/bat/attack/3,"original, generated",Tools/art/gen_enemies.py:build,project-owned (original),
enemy/bat/death/0,sprite,Art/Resources/ECArt/enemies.png#enemy/bat/death/0,"original, generated",Tools/art/gen_enemies.py:build,project-owned (original),
enemy/bat/death/1,sprite,Art/Resources/ECArt/enemies.png#enemy/bat/death/1,"original, generated",Tools/art/gen_enemies.py:build,project-owned (original),
enemy/bat/death/2,sprite,Art/Resources/ECArt/enemies.png#enemy/bat/death/2,"original, generated",Tools/art/gen_enemies.py:build,project-owned (original),
enemy/bat/death/3,sprite,Art/Resources/ECArt/enemies.png#enemy/bat/death/3,"original, generated",Tools/art/gen_enemies.py:build,project-owned (original),
enemy/bat/death/4,sprite,Art/Resources/ECArt/enemies.png#enemy/bat/death/4,"original, generated",Tools/art/gen_enemies.py:build,project-owned (original),
enemy/bat/fly/0,sprite,Art/Resources/ECArt/enemies.png#enemy/bat/fly/0,"original, generated",Tools/art/gen_enemies.py:build,project-owned (original),
enemy/bat/fly/1,sprite,Art/Resources/ECArt/enemies.png#enemy/bat/fly/1,"original, generated",Tools/art/gen_enemies.py:build,project-owned (original),
enemy/bat/fly/2,sprite,Art/Resources/ECArt/enemies.png#enemy/bat/fly/2,"original, generated",Tools/art/gen_enemies.py:build,project-owned (original),
enemy/bat/fly/3,sprite,Art/Resources/ECArt/enemies.png#enemy/bat/fly/3,"original, generated",Tools/art/gen_enemies.py:build,project-owned (original),
enemy/bat_elite/attack/0,sprite,Art/Resources/ECArt/enemies.png#enemy/bat_elite/attack/0,"original, generated",Tools/art/gen_enemies.py:build,project-owned (original),
enemy/bat_elite/attack/1,sprite,Art/Resources/ECArt/enemies.png#enemy/bat_elite/attack/1,"original, generated",Tools/art/gen_enemies.py:build,project-owned (original),
enemy/bat_elite/attack/2,sprite,Art/Resources/ECArt/enemies.png#enemy/bat_elite/attack/2,"original, generated",Tools/art/gen_enemies.py:build,project-owned (original),
enemy/bat_elite/attack/3,sprite,Art/Resources/ECArt/enemies.png#enemy/bat_elite/attack/3,"original, generated",Tools/art/gen_enemies.py:build,project-owned (original),
enemy/bat_elite/death/0,sprite,Art/Resources/ECArt/enemies.png#enemy/bat_elite/death/0,"original, generated",Tools/art/gen_enemies.py:build,project-owned (original),
enemy/bat_elite/death/1,sprite,Art/Resources/ECArt/enemies.png#enemy/bat_elite/death/1,"original, generated",Tools/art/gen_enemies.py:build,project-owned (original),
enemy/bat_elite/death/2,sprite,Art/Resources/ECArt/enemies.png#enemy/bat_elite/death/2,"original, generated",Tools/art/gen_enemies.py:build,project-owned (original),
enemy/bat_elite/death/3,sprite,Art/Resources/ECArt/enemies.png#enemy/bat_elite/death/3,"original, generated",Tools/art/gen_enemies.py:build,project-owned (original),
enemy/bat_elite/death/4,sprite,Art/Resources/ECArt/enemies.png#enemy/bat_elite/death/4,"original, generated",Tools/art/gen_enemies.py:build,project-owned (original),
enemy/bat_elite/fly/0,sprite,Art/Resources/ECArt/enemies.png#enemy/bat_elite/fly/0,"original, generated",Tools/art/gen_enemies.py:build,project-owned (original),
enemy/bat_elite/fly/1,sprite,Art/Resources/ECArt/enemies.png#enemy/bat_elite/fly/1,"original, generated",Tools/art/gen_enemies.py:build,project-owned (original),
enemy/bat_elite/fly/2,sprite,Art/Resources/ECArt/enemies.png#enemy/bat_elite/fly/2,"original, generated",Tools/art/gen_enemies.py:build,project-owned (original),
enemy/bat_elite/fly/3,sprite,Art/Resources/ECArt/enemies.png#enemy/bat_elite/fly/3,"original, generated",Tools/art/gen_enemies.py:build,project-owned (original),
enemy/bell_priest/attack/0,sprite,Art/Resources/ECArt/enemies.png#enemy/bell_priest/attack/0,"original, generated",Tools/art/gen_enemies.py:build,project-owned (original),
enemy/bell_priest/attack/1,sprite,Art/Resources/ECArt/enemies.png#enemy/bell_priest/attack/1,"original, generated",Tools/art/gen_enemies.py:build,project-owned (original),
enemy/bell_priest/attack/2,sprite,Art/Resources/ECArt/enemies.png#enemy/bell_priest/attack/2,"original, generated",Tools/art/gen_enemies.py:build,project-owned (original),
enemy/bell_priest/attack/3,sprite,Art/Resources/ECArt/enemies.png#enemy/bell_priest/attack/3,"original, generated",Tools/art/gen_enemies.py:build,project-owned (original),
enemy/bell_priest/cast/0,sprite,Art/Resources/ECArt/enemies.png#enemy/bell_priest/cast/0,"original, generated",Tools/art/gen_enemies.py:build,project-owned (original),
enemy/bell_priest/cast/1,sprite,Art/Resources/ECArt/enemies.png#enemy/bell_priest/cast/1,"original, generated",Tools/art/gen_enemies.py:build,project-owned (original),
enemy/bell_priest/cast/2,sprite,Art/Resources/ECArt/enemies.png#enemy/bell_priest/cast/2,"original, generated",Tools/art/gen_enemies.py:build,project-owned (original),
enemy/bell_priest/cast/3,sprite,Art/Resources/ECArt/enemies.png#enemy/bell_priest/cast/3,"original, generated",Tools/art/gen_enemies.py:build,project-owned (original),
enemy/bell_priest/death/0,sprite,Art/Resources/ECArt/enemies.png#enemy/bell_priest/death/0,"original, generated",Tools/art/gen_enemies.py:build,project-owned (original),
enemy/bell_priest/death/1,sprite,Art/Resources/ECArt/enemies.png#enemy/bell_priest/death/1,"original, generated",Tools/art/gen_enemies.py:build,project-owned (original),
enemy/bell_priest/death/2,sprite,Art/Resources/ECArt/enemies.png#enemy/bell_priest/death/2,"original, generated",Tools/art/gen_enemies.py:build,project-owned (original),
enemy/bell_priest/death/3,sprite,Art/Resources/ECArt/enemies.png#enemy/bell_priest/death/3,"original, generated",Tools/art/gen_enemies.py:build,project-owned (original),
enemy/bell_priest/death/4,sprite,Art/Resources/ECArt/enemies.png#enemy/bell_priest/death/4,"original, generated",Tools/art/gen_enemies.py:build,project-owned (original),
enemy/bell_priest/walk/0,sprite,Art/Resources/ECArt/enemies.png#enemy/bell_priest/walk/0,"original, generated",Tools/art/gen_enemies.py:build,project-owned (original),
enemy/bell_priest/walk/1,sprite,Art/Resources/ECArt/enemies.png#enemy/bell_priest/walk/1,"original, generated",Tools/art/gen_enemies.py:build,project-owned (original),
enemy/bell_priest/walk/2,sprite,Art/Resources/ECArt/enemies.png#enemy/bell_priest/walk/2,"original, generated",Tools/art/gen_enemies.py:build,project-owned (original),
enemy/bell_priest/walk/3,sprite,Art/Resources/ECArt/enemies.png#enemy/bell_priest/walk/3,"original, generated",Tools/art/gen_enemies.py:build,project-owned (original),
enemy/bell_priest_elite/attack/0,sprite,Art/Resources/ECArt/enemies.png#enemy/bell_priest_elite/attack/0,"original, generated",Tools/art/gen_enemies.py:build,project-owned (original),
enemy/bell_priest_elite/attack/1,sprite,Art/Resources/ECArt/enemies.png#enemy/bell_priest_elite/attack/1,"original, generated",Tools/art/gen_enemies.py:build,project-owned (original),
enemy/bell_priest_elite/attack/2,sprite,Art/Resources/ECArt/enemies.png#enemy/bell_priest_elite/attack/2,"original, generated",Tools/art/gen_enemies.py:build,project-owned (original),
enemy/bell_priest_elite/attack/3,sprite,Art/Resources/ECArt/enemies.png#enemy/bell_priest_elite/attack/3,"original, generated",Tools/art/gen_enemies.py:build,project-owned (original),
enemy/bell_priest_elite/cast/0,sprite,Art/Resources/ECArt/enemies.png#enemy/bell_priest_elite/cast/0,"original, generated",Tools/art/gen_enemies.py:build,project-owned (original),
enemy/bell_priest_elite/cast/1,sprite,Art/Resources/ECArt/enemies.png#enemy/bell_priest_elite/cast/1,"original, generated",Tools/art/gen_enemies.py:build,project-owned (original),
enemy/bell_priest_elite/cast/2,sprite,Art/Resources/ECArt/enemies.png#enemy/bell_priest_elite/cast/2,"original, generated",Tools/art/gen_enemies.py:build,project-owned (original),
enemy/bell_priest_elite/cast/3,sprite,Art/Resources/ECArt/enemies.png#enemy/bell_priest_elite/cast/3,"original, generated",Tools/art/gen_enemies.py:build,project-owned (original),
enemy/bell_priest_elite/death/0,sprite,Art/Resources/ECArt/enemies.png#enemy/bell_priest_elite/death/0,"original, generated",Tools/art/gen_enemies.py:build,project-owned (original),
enemy/bell_priest_elite/death/1,sprite,Art/Resources/ECArt/enemies.png#enemy/bell_priest_elite/death/1,"original, generated",Tools/art/gen_enemies.py:build,project-owned (original),
enemy/bell_priest_elite/death/2,sprite,Art/Resources/ECArt/enemies.png#enemy/bell_priest_elite/death/2,"original, generated",Tools/art/gen_enemies.py:build,project-owned (original),
enemy/bell_priest_elite/death/3,sprite,Art/Resources/ECArt/enemies.png#enemy/bell_priest_elite/death/3,"original, generated",Tools/art/gen_enemies.py:build,project-owned (original),
enemy/bell_priest_elite/death/4,sprite,Art/Resources/ECArt/enemies.png#enemy/bell_priest_elite/death/4,"original, generated",Tools/art/gen_enemies.py:build,project-owned (original),
enemy/bell_priest_elite/walk/0,sprite,Art/Resources/ECArt/enemies.png#enemy/bell_priest_elite/walk/0,"original, generated",Tools/art/gen_enemies.py:build,project-owned (original),
enemy/bell_priest_elite/walk/1,sprite,Art/Resources/ECArt/enemies.png#enemy/bell_priest_elite/walk/1,"original, generated",Tools/art/gen_enemies.py:build,project-owned (original),
enemy/bell_priest_elite/walk/2,sprite,Art/Resources/ECArt/enemies.png#enemy/bell_priest_elite/walk/2,"original, generated",Tools/art/gen_enemies.py:build,project-owned (original),
enemy/bell_priest_elite/walk/3,sprite,Art/Resources/ECArt/enemies.png#enemy/bell_priest_elite/walk/3,"original, generated",Tools/art/gen_enemies.py:build,project-owned (original),
enemy/crow_archer/attack/0,sprite,Art/Resources/ECArt/enemies.png#enemy/crow_archer/attack/0,"original, generated",Tools/art/gen_enemies.py:build,project-owned (original),
enemy/crow_archer/attack/1,sprite,Art/Resources/ECArt/enemies.png#enemy/crow_archer/attack/1,"original, generated",Tools/art/gen_enemies.py:build,project-owned (original),
enemy/crow_archer/attack/2,sprite,Art/Resources/ECArt/enemies.png#enemy/crow_archer/attack/2,"original, generated",Tools/art/gen_enemies.py:build,project-owned (original),
enemy/crow_archer/attack/3,sprite,Art/Resources/ECArt/enemies.png#enemy/crow_archer/attack/3,"original, generated",Tools/art/gen_enemies.py:build,project-owned (original),
enemy/crow_archer/death/0,sprite,Art/Resources/ECArt/enemies.png#enemy/crow_archer/death/0,"original, generated",Tools/art/gen_enemies.py:build,project-owned (original),
enemy/crow_archer/death/1,sprite,Art/Resources/ECArt/enemies.png#enemy/crow_archer/death/1,"original, generated",Tools/art/gen_enemies.py:build,project-owned (original),
enemy/crow_archer/death/2,sprite,Art/Resources/ECArt/enemies.png#enemy/crow_archer/death/2,"original, generated",Tools/art/gen_enemies.py:build,project-owned (original),
enemy/crow_archer/death/3,sprite,Art/Resources/ECArt/enemies.png#enemy/crow_archer/death/3,"original, generated",Tools/art/gen_enemies.py:build,project-owned (original),
enemy/crow_archer/death/4,sprite,Art/Resources/ECArt/enemies.png#enemy/crow_archer/death/4,"original, generated",Tools/art/gen_enemies.py:build,project-owned (original),
enemy/crow_archer/shoot/0,sprite,Art/Resources/ECArt/enemies.png#enemy/crow_archer/shoot/0,"original, generated",Tools/art/gen_enemies.py:build,project-owned (original),
enemy/crow_archer/shoot/1,sprite,Art/Resources/ECArt/enemies.png#enemy/crow_archer/shoot/1,"original, generated",Tools/art/gen_enemies.py:build,project-owned (original),
enemy/crow_archer/shoot/2,sprite,Art/Resources/ECArt/enemies.png#enemy/crow_archer/shoot/2,"original, generated",Tools/art/gen_enemies.py:build,project-owned (original),
enemy/crow_archer/shoot/3,sprite,Art/Resources/ECArt/enemies.png#enemy/crow_archer/shoot/3,"original, generated",Tools/art/gen_enemies.py:build,project-owned (original),
enemy/crow_archer/walk/0,sprite,Art/Resources/ECArt/enemies.png#enemy/crow_archer/walk/0,"original, generated",Tools/art/gen_enemies.py:build,project-owned (original),
enemy/crow_archer/walk/1,sprite,Art/Resources/ECArt/enemies.png#enemy/crow_archer/walk/1,"original, generated",Tools/art/gen_enemies.py:build,project-owned (original),
enemy/crow_archer/walk/2,sprite,Art/Resources/ECArt/enemies.png#enemy/crow_archer/walk/2,"original, generated",Tools/art/gen_enemies.py:build,project-owned (original),
enemy/crow_archer/walk/3,sprite,Art/Resources/ECArt/enemies.png#enemy/crow_archer/walk/3,"original, generated",Tools/art/gen_enemies.py:build,project-owned (original),
enemy/crow_archer_elite/attack/0,sprite,Art/Resources/ECArt/enemies.png#enemy/crow_archer_elite/attack/0,"original, generated",Tools/art/gen_enemies.py:build,project-owned (original),
enemy/crow_archer_elite/attack/1,sprite,Art/Resources/ECArt/enemies.png#enemy/crow_archer_elite/attack/1,"original, generated",Tools/art/gen_enemies.py:build,project-owned (original),
enemy/crow_archer_elite/attack/2,sprite,Art/Resources/ECArt/enemies.png#enemy/crow_archer_elite/attack/2,"original, generated",Tools/art/gen_enemies.py:build,project-owned (original),
enemy/crow_archer_elite/attack/3,sprite,Art/Resources/ECArt/enemies.png#enemy/crow_archer_elite/attack/3,"original, generated",Tools/art/gen_enemies.py:build,project-owned (original),
enemy/crow_archer_elite/death/0,sprite,Art/Resources/ECArt/enemies.png#enemy/crow_archer_elite/death/0,"original, generated",Tools/art/gen_enemies.py:build,project-owned (original),
enemy/crow_archer_elite/death/1,sprite,Art/Resources/ECArt/enemies.png#enemy/crow_archer_elite/death/1,"original, generated",Tools/art/gen_enemies.py:build,project-owned (original),
enemy/crow_archer_elite/death/2,sprite,Art/Resources/ECArt/enemies.png#enemy/crow_archer_elite/death/2,"original, generated",Tools/art/gen_enemies.py:build,project-owned (original),
enemy/crow_archer_elite/death/3,sprite,Art/Resources/ECArt/enemies.png#enemy/crow_archer_elite/death/3,"original, generated",Tools/art/gen_enemies.py:build,project-owned (original),
enemy/crow_archer_elite/death/4,sprite,Art/Resources/ECArt/enemies.png#enemy/crow_archer_elite/death/4,"original, generated",Tools/art/gen_enemies.py:build,project-owned (original),
enemy/crow_archer_elite/shoot/0,sprite,Art/Resources/ECArt/enemies.png#enemy/crow_archer_elite/shoot/0,"original, generated",Tools/art/gen_enemies.py:build,project-owned (original),
enemy/crow_archer_elite/shoot/1,sprite,Art/Resources/ECArt/enemies.png#enemy/crow_archer_elite/shoot/1,"original, generated",Tools/art/gen_enemies.py:build,project-owned (original),
enemy/crow_archer_elite/shoot/2,sprite,Art/Resources/ECArt/enemies.png#enemy/crow_archer_elite/shoot/2,"original, generated",Tools/art/gen_enemies.py:build,project-owned (original),
enemy/crow_archer_elite/shoot/3,sprite,Art/Resources/ECArt/enemies.png#enemy/crow_archer_elite/shoot/3,"original, generated",Tools/art/gen_enemies.py:build,project-owned (original),
enemy/crow_archer_elite/walk/0,sprite,Art/Resources/ECArt/enemies.png#enemy/crow_archer_elite/walk/0,"original, generated",Tools/art/gen_enemies.py:build,project-owned (original),
enemy/crow_archer_elite/walk/1,sprite,Art/Resources/ECArt/enemies.png#enemy/crow_archer_elite/walk/1,"original, generated",Tools/art/gen_enemies.py:build,project-owned (original),
enemy/crow_archer_elite/walk/2,sprite,Art/Resources/ECArt/enemies.png#enemy/crow_archer_elite/walk/2,"original, generated",Tools/art/gen_enemies.py:build,project-owned (original),
enemy/crow_archer_elite/walk/3,sprite,Art/Resources/ECArt/enemies.png#enemy/crow_archer_elite/walk/3,"original, generated",Tools/art/gen_enemies.py:build,project-owned (original),
enemy/hound_runner/attack/0,sprite,Art/Resources/ECArt/enemies.png#enemy/hound_runner/attack/0,"original, generated",Tools/art/gen_enemies.py:build,project-owned (original),
enemy/hound_runner/attack/1,sprite,Art/Resources/ECArt/enemies.png#enemy/hound_runner/attack/1,"original, generated",Tools/art/gen_enemies.py:build,project-owned (original),
enemy/hound_runner/attack/2,sprite,Art/Resources/ECArt/enemies.png#enemy/hound_runner/attack/2,"original, generated",Tools/art/gen_enemies.py:build,project-owned (original),
enemy/hound_runner/attack/3,sprite,Art/Resources/ECArt/enemies.png#enemy/hound_runner/attack/3,"original, generated",Tools/art/gen_enemies.py:build,project-owned (original),
enemy/hound_runner/death/0,sprite,Art/Resources/ECArt/enemies.png#enemy/hound_runner/death/0,"original, generated",Tools/art/gen_enemies.py:build,project-owned (original),
enemy/hound_runner/death/1,sprite,Art/Resources/ECArt/enemies.png#enemy/hound_runner/death/1,"original, generated",Tools/art/gen_enemies.py:build,project-owned (original),
enemy/hound_runner/death/2,sprite,Art/Resources/ECArt/enemies.png#enemy/hound_runner/death/2,"original, generated",Tools/art/gen_enemies.py:build,project-owned (original),
enemy/hound_runner/death/3,sprite,Art/Resources/ECArt/enemies.png#enemy/hound_runner/death/3,"original, generated",Tools/art/gen_enemies.py:build,project-owned (original),
enemy/hound_runner/death/4,sprite,Art/Resources/ECArt/enemies.png#enemy/hound_runner/death/4,"original, generated",Tools/art/gen_enemies.py:build,project-owned (original),
enemy/hound_runner/walk/0,sprite,Art/Resources/ECArt/enemies.png#enemy/hound_runner/walk/0,"original, generated",Tools/art/gen_enemies.py:build,project-owned (original),
enemy/hound_runner/walk/1,sprite,Art/Resources/ECArt/enemies.png#enemy/hound_runner/walk/1,"original, generated",Tools/art/gen_enemies.py:build,project-owned (original),
enemy/hound_runner/walk/2,sprite,Art/Resources/ECArt/enemies.png#enemy/hound_runner/walk/2,"original, generated",Tools/art/gen_enemies.py:build,project-owned (original),
enemy/hound_runner/walk/3,sprite,Art/Resources/ECArt/enemies.png#enemy/hound_runner/walk/3,"original, generated",Tools/art/gen_enemies.py:build,project-owned (original),
enemy/hound_runner_elite/attack/0,sprite,Art/Resources/ECArt/enemies.png#enemy/hound_runner_elite/attack/0,"original, generated",Tools/art/gen_enemies.py:build,project-owned (original),
enemy/hound_runner_elite/attack/1,sprite,Art/Resources/ECArt/enemies.png#enemy/hound_runner_elite/attack/1,"original, generated",Tools/art/gen_enemies.py:build,project-owned (original),
enemy/hound_runner_elite/attack/2,sprite,Art/Resources/ECArt/enemies.png#enemy/hound_runner_elite/attack/2,"original, generated",Tools/art/gen_enemies.py:build,project-owned (original),
enemy/hound_runner_elite/attack/3,sprite,Art/Resources/ECArt/enemies.png#enemy/hound_runner_elite/attack/3,"original, generated",Tools/art/gen_enemies.py:build,project-owned (original),
enemy/hound_runner_elite/death/0,sprite,Art/Resources/ECArt/enemies.png#enemy/hound_runner_elite/death/0,"original, generated",Tools/art/gen_enemies.py:build,project-owned (original),
enemy/hound_runner_elite/death/1,sprite,Art/Resources/ECArt/enemies.png#enemy/hound_runner_elite/death/1,"original, generated",Tools/art/gen_enemies.py:build,project-owned (original),
enemy/hound_runner_elite/death/2,sprite,Art/Resources/ECArt/enemies.png#enemy/hound_runner_elite/death/2,"original, generated",Tools/art/gen_enemies.py:build,project-owned (original),
enemy/hound_runner_elite/death/3,sprite,Art/Resources/ECArt/enemies.png#enemy/hound_runner_elite/death/3,"original, generated",Tools/art/gen_enemies.py:build,project-owned (original),
enemy/hound_runner_elite/death/4,sprite,Art/Resources/ECArt/enemies.png#enemy/hound_runner_elite/death/4,"original, generated",Tools/art/gen_enemies.py:build,project-owned (original),
enemy/hound_runner_elite/walk/0,sprite,Art/Resources/ECArt/enemies.png#enemy/hound_runner_elite/walk/0,"original, generated",Tools/art/gen_enemies.py:build,project-owned (original),
enemy/hound_runner_elite/walk/1,sprite,Art/Resources/ECArt/enemies.png#enemy/hound_runner_elite/walk/1,"original, generated",Tools/art/gen_enemies.py:build,project-owned (original),
enemy/hound_runner_elite/walk/2,sprite,Art/Resources/ECArt/enemies.png#enemy/hound_runner_elite/walk/2,"original, generated",Tools/art/gen_enemies.py:build,project-owned (original),
enemy/hound_runner_elite/walk/3,sprite,Art/Resources/ECArt/enemies.png#enemy/hound_runner_elite/walk/3,"original, generated",Tools/art/gen_enemies.py:build,project-owned (original),
enemy/iron_golem/attack/0,sprite,Art/Resources/ECArt/enemies.png#enemy/iron_golem/attack/0,"original, generated",Tools/art/gen_enemies.py:build,project-owned (original),
enemy/iron_golem/attack/1,sprite,Art/Resources/ECArt/enemies.png#enemy/iron_golem/attack/1,"original, generated",Tools/art/gen_enemies.py:build,project-owned (original),
enemy/iron_golem/attack/2,sprite,Art/Resources/ECArt/enemies.png#enemy/iron_golem/attack/2,"original, generated",Tools/art/gen_enemies.py:build,project-owned (original),
enemy/iron_golem/attack/3,sprite,Art/Resources/ECArt/enemies.png#enemy/iron_golem/attack/3,"original, generated",Tools/art/gen_enemies.py:build,project-owned (original),
enemy/iron_golem/death/0,sprite,Art/Resources/ECArt/enemies.png#enemy/iron_golem/death/0,"original, generated",Tools/art/gen_enemies.py:build,project-owned (original),
enemy/iron_golem/death/1,sprite,Art/Resources/ECArt/enemies.png#enemy/iron_golem/death/1,"original, generated",Tools/art/gen_enemies.py:build,project-owned (original),
enemy/iron_golem/death/2,sprite,Art/Resources/ECArt/enemies.png#enemy/iron_golem/death/2,"original, generated",Tools/art/gen_enemies.py:build,project-owned (original),
enemy/iron_golem/death/3,sprite,Art/Resources/ECArt/enemies.png#enemy/iron_golem/death/3,"original, generated",Tools/art/gen_enemies.py:build,project-owned (original),
enemy/iron_golem/death/4,sprite,Art/Resources/ECArt/enemies.png#enemy/iron_golem/death/4,"original, generated",Tools/art/gen_enemies.py:build,project-owned (original),
enemy/iron_golem/walk/0,sprite,Art/Resources/ECArt/enemies.png#enemy/iron_golem/walk/0,"original, generated",Tools/art/gen_enemies.py:build,project-owned (original),
enemy/iron_golem/walk/1,sprite,Art/Resources/ECArt/enemies.png#enemy/iron_golem/walk/1,"original, generated",Tools/art/gen_enemies.py:build,project-owned (original),
enemy/iron_golem/walk/2,sprite,Art/Resources/ECArt/enemies.png#enemy/iron_golem/walk/2,"original, generated",Tools/art/gen_enemies.py:build,project-owned (original),
enemy/iron_golem/walk/3,sprite,Art/Resources/ECArt/enemies.png#enemy/iron_golem/walk/3,"original, generated",Tools/art/gen_enemies.py:build,project-owned (original),
enemy/iron_golem_elite/attack/0,sprite,Art/Resources/ECArt/enemies.png#enemy/iron_golem_elite/attack/0,"original, generated",Tools/art/gen_enemies.py:build,project-owned (original),
enemy/iron_golem_elite/attack/1,sprite,Art/Resources/ECArt/enemies.png#enemy/iron_golem_elite/attack/1,"original, generated",Tools/art/gen_enemies.py:build,project-owned (original),
enemy/iron_golem_elite/attack/2,sprite,Art/Resources/ECArt/enemies.png#enemy/iron_golem_elite/attack/2,"original, generated",Tools/art/gen_enemies.py:build,project-owned (original),
enemy/iron_golem_elite/attack/3,sprite,Art/Resources/ECArt/enemies.png#enemy/iron_golem_elite/attack/3,"original, generated",Tools/art/gen_enemies.py:build,project-owned (original),
enemy/iron_golem_elite/death/0,sprite,Art/Resources/ECArt/enemies.png#enemy/iron_golem_elite/death/0,"original, generated",Tools/art/gen_enemies.py:build,project-owned (original),
enemy/iron_golem_elite/death/1,sprite,Art/Resources/ECArt/enemies.png#enemy/iron_golem_elite/death/1,"original, generated",Tools/art/gen_enemies.py:build,project-owned (original),
enemy/iron_golem_elite/death/2,sprite,Art/Resources/ECArt/enemies.png#enemy/iron_golem_elite/death/2,"original, generated",Tools/art/gen_enemies.py:build,project-owned (original),
enemy/iron_golem_elite/death/3,sprite,Art/Resources/ECArt/enemies.png#enemy/iron_golem_elite/death/3,"original, generated",Tools/art/gen_enemies.py:build,project-owned (original),
enemy/iron_golem_elite/death/4,sprite,Art/Resources/ECArt/enemies.png#enemy/iron_golem_elite/death/4,"original, generated",Tools/art/gen_enemies.py:build,project-owned (original),
enemy/iron_golem_elite/walk/0,sprite,Art/Resources/ECArt/enemies.png#enemy/iron_golem_elite/walk/0,"original, generated",Tools/art/gen_enemies.py:build,project-owned (original),
enemy/iron_golem_elite/walk/1,sprite,Art/Resources/ECArt/enemies.png#enemy/iron_golem_elite/walk/1,"original, generated",Tools/art/gen_enemies.py:build,project-owned (original),
enemy/iron_golem_elite/walk/2,sprite,Art/Resources/ECArt/enemies.png#enemy/iron_golem_elite/walk/2,"original, generated",Tools/art/gen_enemies.py:build,project-owned (original),
enemy/iron_golem_elite/walk/3,sprite,Art/Resources/ECArt/enemies.png#enemy/iron_golem_elite/walk/3,"original, generated",Tools/art/gen_enemies.py:build,project-owned (original),
enemy/powder_rat/attack/0,sprite,Art/Resources/ECArt/enemies.png#enemy/powder_rat/attack/0,"original, generated",Tools/art/gen_enemies.py:build,project-owned (original),
enemy/powder_rat/attack/1,sprite,Art/Resources/ECArt/enemies.png#enemy/powder_rat/attack/1,"original, generated",Tools/art/gen_enemies.py:build,project-owned (original),
enemy/powder_rat/attack/2,sprite,Art/Resources/ECArt/enemies.png#enemy/powder_rat/attack/2,"original, generated",Tools/art/gen_enemies.py:build,project-owned (original),
enemy/powder_rat/attack/3,sprite,Art/Resources/ECArt/enemies.png#enemy/powder_rat/attack/3,"original, generated",Tools/art/gen_enemies.py:build,project-owned (original),
enemy/powder_rat/charge/0,sprite,Art/Resources/ECArt/enemies.png#enemy/powder_rat/charge/0,"original, generated",Tools/art/gen_enemies.py:build,project-owned (original),
enemy/powder_rat/charge/1,sprite,Art/Resources/ECArt/enemies.png#enemy/powder_rat/charge/1,"original, generated",Tools/art/gen_enemies.py:build,project-owned (original),
enemy/powder_rat/charge/2,sprite,Art/Resources/ECArt/enemies.png#enemy/powder_rat/charge/2,"original, generated",Tools/art/gen_enemies.py:build,project-owned (original),
enemy/powder_rat/charge/3,sprite,Art/Resources/ECArt/enemies.png#enemy/powder_rat/charge/3,"original, generated",Tools/art/gen_enemies.py:build,project-owned (original),
enemy/powder_rat/death/0,sprite,Art/Resources/ECArt/enemies.png#enemy/powder_rat/death/0,"original, generated",Tools/art/gen_enemies.py:build,project-owned (original),
enemy/powder_rat/death/1,sprite,Art/Resources/ECArt/enemies.png#enemy/powder_rat/death/1,"original, generated",Tools/art/gen_enemies.py:build,project-owned (original),
enemy/powder_rat/death/2,sprite,Art/Resources/ECArt/enemies.png#enemy/powder_rat/death/2,"original, generated",Tools/art/gen_enemies.py:build,project-owned (original),
enemy/powder_rat/death/3,sprite,Art/Resources/ECArt/enemies.png#enemy/powder_rat/death/3,"original, generated",Tools/art/gen_enemies.py:build,project-owned (original),
enemy/powder_rat/death/4,sprite,Art/Resources/ECArt/enemies.png#enemy/powder_rat/death/4,"original, generated",Tools/art/gen_enemies.py:build,project-owned (original),
enemy/powder_rat/fuse/0,sprite,Art/Resources/ECArt/enemies.png#enemy/powder_rat/fuse/0,"original, generated",Tools/art/gen_enemies.py:build,project-owned (original),
enemy/powder_rat/fuse/1,sprite,Art/Resources/ECArt/enemies.png#enemy/powder_rat/fuse/1,"original, generated",Tools/art/gen_enemies.py:build,project-owned (original),
enemy/powder_rat/fuse/2,sprite,Art/Resources/ECArt/enemies.png#enemy/powder_rat/fuse/2,"original, generated",Tools/art/gen_enemies.py:build,project-owned (original),
enemy/powder_rat/fuse/3,sprite,Art/Resources/ECArt/enemies.png#enemy/powder_rat/fuse/3,"original, generated",Tools/art/gen_enemies.py:build,project-owned (original),
enemy/powder_rat/walk/0,sprite,Art/Resources/ECArt/enemies.png#enemy/powder_rat/walk/0,"original, generated",Tools/art/gen_enemies.py:build,project-owned (original),
enemy/powder_rat/walk/1,sprite,Art/Resources/ECArt/enemies.png#enemy/powder_rat/walk/1,"original, generated",Tools/art/gen_enemies.py:build,project-owned (original),
enemy/powder_rat/walk/2,sprite,Art/Resources/ECArt/enemies.png#enemy/powder_rat/walk/2,"original, generated",Tools/art/gen_enemies.py:build,project-owned (original),
enemy/powder_rat/walk/3,sprite,Art/Resources/ECArt/enemies.png#enemy/powder_rat/walk/3,"original, generated",Tools/art/gen_enemies.py:build,project-owned (original),
enemy/powder_rat_elite/attack/0,sprite,Art/Resources/ECArt/enemies.png#enemy/powder_rat_elite/attack/0,"original, generated",Tools/art/gen_enemies.py:build,project-owned (original),
enemy/powder_rat_elite/attack/1,sprite,Art/Resources/ECArt/enemies.png#enemy/powder_rat_elite/attack/1,"original, generated",Tools/art/gen_enemies.py:build,project-owned (original),
enemy/powder_rat_elite/attack/2,sprite,Art/Resources/ECArt/enemies.png#enemy/powder_rat_elite/attack/2,"original, generated",Tools/art/gen_enemies.py:build,project-owned (original),
enemy/powder_rat_elite/attack/3,sprite,Art/Resources/ECArt/enemies.png#enemy/powder_rat_elite/attack/3,"original, generated",Tools/art/gen_enemies.py:build,project-owned (original),
enemy/powder_rat_elite/charge/0,sprite,Art/Resources/ECArt/enemies.png#enemy/powder_rat_elite/charge/0,"original, generated",Tools/art/gen_enemies.py:build,project-owned (original),
enemy/powder_rat_elite/charge/1,sprite,Art/Resources/ECArt/enemies.png#enemy/powder_rat_elite/charge/1,"original, generated",Tools/art/gen_enemies.py:build,project-owned (original),
enemy/powder_rat_elite/charge/2,sprite,Art/Resources/ECArt/enemies.png#enemy/powder_rat_elite/charge/2,"original, generated",Tools/art/gen_enemies.py:build,project-owned (original),
enemy/powder_rat_elite/charge/3,sprite,Art/Resources/ECArt/enemies.png#enemy/powder_rat_elite/charge/3,"original, generated",Tools/art/gen_enemies.py:build,project-owned (original),
enemy/powder_rat_elite/death/0,sprite,Art/Resources/ECArt/enemies.png#enemy/powder_rat_elite/death/0,"original, generated",Tools/art/gen_enemies.py:build,project-owned (original),
enemy/powder_rat_elite/death/1,sprite,Art/Resources/ECArt/enemies.png#enemy/powder_rat_elite/death/1,"original, generated",Tools/art/gen_enemies.py:build,project-owned (original),
enemy/powder_rat_elite/death/2,sprite,Art/Resources/ECArt/enemies.png#enemy/powder_rat_elite/death/2,"original, generated",Tools/art/gen_enemies.py:build,project-owned (original),
enemy/powder_rat_elite/death/3,sprite,Art/Resources/ECArt/enemies.png#enemy/powder_rat_elite/death/3,"original, generated",Tools/art/gen_enemies.py:build,project-owned (original),
enemy/powder_rat_elite/death/4,sprite,Art/Resources/ECArt/enemies.png#enemy/powder_rat_elite/death/4,"original, generated",Tools/art/gen_enemies.py:build,project-owned (original),
enemy/powder_rat_elite/fuse/0,sprite,Art/Resources/ECArt/enemies.png#enemy/powder_rat_elite/fuse/0,"original, generated",Tools/art/gen_enemies.py:build,project-owned (original),
enemy/powder_rat_elite/fuse/1,sprite,Art/Resources/ECArt/enemies.png#enemy/powder_rat_elite/fuse/1,"original, generated",Tools/art/gen_enemies.py:build,project-owned (original),
enemy/powder_rat_elite/fuse/2,sprite,Art/Resources/ECArt/enemies.png#enemy/powder_rat_elite/fuse/2,"original, generated",Tools/art/gen_enemies.py:build,project-owned (original),
enemy/powder_rat_elite/fuse/3,sprite,Art/Resources/ECArt/enemies.png#enemy/powder_rat_elite/fuse/3,"original, generated",Tools/art/gen_enemies.py:build,project-owned (original),
enemy/powder_rat_elite/walk/0,sprite,Art/Resources/ECArt/enemies.png#enemy/powder_rat_elite/walk/0,"original, generated",Tools/art/gen_enemies.py:build,project-owned (original),
enemy/powder_rat_elite/walk/1,sprite,Art/Resources/ECArt/enemies.png#enemy/powder_rat_elite/walk/1,"original, generated",Tools/art/gen_enemies.py:build,project-owned (original),
enemy/powder_rat_elite/walk/2,sprite,Art/Resources/ECArt/enemies.png#enemy/powder_rat_elite/walk/2,"original, generated",Tools/art/gen_enemies.py:build,project-owned (original),
enemy/powder_rat_elite/walk/3,sprite,Art/Resources/ECArt/enemies.png#enemy/powder_rat_elite/walk/3,"original, generated",Tools/art/gen_enemies.py:build,project-owned (original),
enemy/rat_raider/attack/0,sprite,Art/Resources/ECArt/enemies.png#enemy/rat_raider/attack/0,"original, generated",Tools/art/gen_enemies.py:build,project-owned (original),
enemy/rat_raider/attack/1,sprite,Art/Resources/ECArt/enemies.png#enemy/rat_raider/attack/1,"original, generated",Tools/art/gen_enemies.py:build,project-owned (original),
enemy/rat_raider/attack/2,sprite,Art/Resources/ECArt/enemies.png#enemy/rat_raider/attack/2,"original, generated",Tools/art/gen_enemies.py:build,project-owned (original),
enemy/rat_raider/attack/3,sprite,Art/Resources/ECArt/enemies.png#enemy/rat_raider/attack/3,"original, generated",Tools/art/gen_enemies.py:build,project-owned (original),
enemy/rat_raider/death/0,sprite,Art/Resources/ECArt/enemies.png#enemy/rat_raider/death/0,"original, generated",Tools/art/gen_enemies.py:build,project-owned (original),
enemy/rat_raider/death/1,sprite,Art/Resources/ECArt/enemies.png#enemy/rat_raider/death/1,"original, generated",Tools/art/gen_enemies.py:build,project-owned (original),
enemy/rat_raider/death/2,sprite,Art/Resources/ECArt/enemies.png#enemy/rat_raider/death/2,"original, generated",Tools/art/gen_enemies.py:build,project-owned (original),
enemy/rat_raider/death/3,sprite,Art/Resources/ECArt/enemies.png#enemy/rat_raider/death/3,"original, generated",Tools/art/gen_enemies.py:build,project-owned (original),
enemy/rat_raider/death/4,sprite,Art/Resources/ECArt/enemies.png#enemy/rat_raider/death/4,"original, generated",Tools/art/gen_enemies.py:build,project-owned (original),
enemy/rat_raider/walk/0,sprite,Art/Resources/ECArt/enemies.png#enemy/rat_raider/walk/0,"original, generated",Tools/art/gen_enemies.py:build,project-owned (original),
enemy/rat_raider/walk/1,sprite,Art/Resources/ECArt/enemies.png#enemy/rat_raider/walk/1,"original, generated",Tools/art/gen_enemies.py:build,project-owned (original),
enemy/rat_raider/walk/2,sprite,Art/Resources/ECArt/enemies.png#enemy/rat_raider/walk/2,"original, generated",Tools/art/gen_enemies.py:build,project-owned (original),
enemy/rat_raider/walk/3,sprite,Art/Resources/ECArt/enemies.png#enemy/rat_raider/walk/3,"original, generated",Tools/art/gen_enemies.py:build,project-owned (original),
enemy/rat_raider_elite/attack/0,sprite,Art/Resources/ECArt/enemies.png#enemy/rat_raider_elite/attack/0,"original, generated",Tools/art/gen_enemies.py:build,project-owned (original),
enemy/rat_raider_elite/attack/1,sprite,Art/Resources/ECArt/enemies.png#enemy/rat_raider_elite/attack/1,"original, generated",Tools/art/gen_enemies.py:build,project-owned (original),
enemy/rat_raider_elite/attack/2,sprite,Art/Resources/ECArt/enemies.png#enemy/rat_raider_elite/attack/2,"original, generated",Tools/art/gen_enemies.py:build,project-owned (original),
enemy/rat_raider_elite/attack/3,sprite,Art/Resources/ECArt/enemies.png#enemy/rat_raider_elite/attack/3,"original, generated",Tools/art/gen_enemies.py:build,project-owned (original),
enemy/rat_raider_elite/death/0,sprite,Art/Resources/ECArt/enemies.png#enemy/rat_raider_elite/death/0,"original, generated",Tools/art/gen_enemies.py:build,project-owned (original),
enemy/rat_raider_elite/death/1,sprite,Art/Resources/ECArt/enemies.png#enemy/rat_raider_elite/death/1,"original, generated",Tools/art/gen_enemies.py:build,project-owned (original),
enemy/rat_raider_elite/death/2,sprite,Art/Resources/ECArt/enemies.png#enemy/rat_raider_elite/death/2,"original, generated",Tools/art/gen_enemies.py:build,project-owned (original),
enemy/rat_raider_elite/death/3,sprite,Art/Resources/ECArt/enemies.png#enemy/rat_raider_elite/death/3,"original, generated",Tools/art/gen_enemies.py:build,project-owned (original),
enemy/rat_raider_elite/death/4,sprite,Art/Resources/ECArt/enemies.png#enemy/rat_raider_elite/death/4,"original, generated",Tools/art/gen_enemies.py:build,project-owned (original),
enemy/rat_raider_elite/walk/0,sprite,Art/Resources/ECArt/enemies.png#enemy/rat_raider_elite/walk/0,"original, generated",Tools/art/gen_enemies.py:build,project-owned (original),
enemy/rat_raider_elite/walk/1,sprite,Art/Resources/ECArt/enemies.png#enemy/rat_raider_elite/walk/1,"original, generated",Tools/art/gen_enemies.py:build,project-owned (original),
enemy/rat_raider_elite/walk/2,sprite,Art/Resources/ECArt/enemies.png#enemy/rat_raider_elite/walk/2,"original, generated",Tools/art/gen_enemies.py:build,project-owned (original),
enemy/rat_raider_elite/walk/3,sprite,Art/Resources/ECArt/enemies.png#enemy/rat_raider_elite/walk/3,"original, generated",Tools/art/gen_enemies.py:build,project-owned (original),
enemy/shield_guard/attack/0,sprite,Art/Resources/ECArt/enemies.png#enemy/shield_guard/attack/0,"original, generated",Tools/art/gen_enemies.py:build,project-owned (original),
enemy/shield_guard/attack/1,sprite,Art/Resources/ECArt/enemies.png#enemy/shield_guard/attack/1,"original, generated",Tools/art/gen_enemies.py:build,project-owned (original),
enemy/shield_guard/attack/2,sprite,Art/Resources/ECArt/enemies.png#enemy/shield_guard/attack/2,"original, generated",Tools/art/gen_enemies.py:build,project-owned (original),
enemy/shield_guard/attack/3,sprite,Art/Resources/ECArt/enemies.png#enemy/shield_guard/attack/3,"original, generated",Tools/art/gen_enemies.py:build,project-owned (original),
enemy/shield_guard/death/0,sprite,Art/Resources/ECArt/enemies.png#enemy/shield_guard/death/0,"original, generated",Tools/art/gen_enemies.py:build,project-owned (original),
enemy/shield_guard/death/1,sprite,Art/Resources/ECArt/enemies.png#enemy/shield_guard/death/1,"original, generated",Tools/art/gen_enemies.py:build,project-owned (original),
enemy/shield_guard/death/2,sprite,Art/Resources/ECArt/enemies.png#enemy/shield_guard/death/2,"original, generated",Tools/art/gen_enemies.py:build,project-owned (original),
enemy/shield_guard/death/3,sprite,Art/Resources/ECArt/enemies.png#enemy/shield_guard/death/3,"original, generated",Tools/art/gen_enemies.py:build,project-owned (original),
enemy/shield_guard/death/4,sprite,Art/Resources/ECArt/enemies.png#enemy/shield_guard/death/4,"original, generated",Tools/art/gen_enemies.py:build,project-owned (original),
enemy/shield_guard/walk/0,sprite,Art/Resources/ECArt/enemies.png#enemy/shield_guard/walk/0,"original, generated",Tools/art/gen_enemies.py:build,project-owned (original),
enemy/shield_guard/walk/1,sprite,Art/Resources/ECArt/enemies.png#enemy/shield_guard/walk/1,"original, generated",Tools/art/gen_enemies.py:build,project-owned (original),
enemy/shield_guard/walk/2,sprite,Art/Resources/ECArt/enemies.png#enemy/shield_guard/walk/2,"original, generated",Tools/art/gen_enemies.py:build,project-owned (original),
enemy/shield_guard/walk/3,sprite,Art/Resources/ECArt/enemies.png#enemy/shield_guard/walk/3,"original, generated",Tools/art/gen_enemies.py:build,project-owned (original),
enemy/shield_guard_elite/attack/0,sprite,Art/Resources/ECArt/enemies.png#enemy/shield_guard_elite/attack/0,"original, generated",Tools/art/gen_enemies.py:build,project-owned (original),
enemy/shield_guard_elite/attack/1,sprite,Art/Resources/ECArt/enemies.png#enemy/shield_guard_elite/attack/1,"original, generated",Tools/art/gen_enemies.py:build,project-owned (original),
enemy/shield_guard_elite/attack/2,sprite,Art/Resources/ECArt/enemies.png#enemy/shield_guard_elite/attack/2,"original, generated",Tools/art/gen_enemies.py:build,project-owned (original),
enemy/shield_guard_elite/attack/3,sprite,Art/Resources/ECArt/enemies.png#enemy/shield_guard_elite/attack/3,"original, generated",Tools/art/gen_enemies.py:build,project-owned (original),
enemy/shield_guard_elite/death/0,sprite,Art/Resources/ECArt/enemies.png#enemy/shield_guard_elite/death/0,"original, generated",Tools/art/gen_enemies.py:build,project-owned (original),
enemy/shield_guard_elite/death/1,sprite,Art/Resources/ECArt/enemies.png#enemy/shield_guard_elite/death/1,"original, generated",Tools/art/gen_enemies.py:build,project-owned (original),
enemy/shield_guard_elite/death/2,sprite,Art/Resources/ECArt/enemies.png#enemy/shield_guard_elite/death/2,"original, generated",Tools/art/gen_enemies.py:build,project-owned (original),
enemy/shield_guard_elite/death/3,sprite,Art/Resources/ECArt/enemies.png#enemy/shield_guard_elite/death/3,"original, generated",Tools/art/gen_enemies.py:build,project-owned (original),
enemy/shield_guard_elite/death/4,sprite,Art/Resources/ECArt/enemies.png#enemy/shield_guard_elite/death/4,"original, generated",Tools/art/gen_enemies.py:build,project-owned (original),
enemy/shield_guard_elite/walk/0,sprite,Art/Resources/ECArt/enemies.png#enemy/shield_guard_elite/walk/0,"original, generated",Tools/art/gen_enemies.py:build,project-owned (original),
enemy/shield_guard_elite/walk/1,sprite,Art/Resources/ECArt/enemies.png#enemy/shield_guard_elite/walk/1,"original, generated",Tools/art/gen_enemies.py:build,project-owned (original),
enemy/shield_guard_elite/walk/2,sprite,Art/Resources/ECArt/enemies.png#enemy/shield_guard_elite/walk/2,"original, generated",Tools/art/gen_enemies.py:build,project-owned (original),
enemy/shield_guard_elite/walk/3,sprite,Art/Resources/ECArt/enemies.png#enemy/shield_guard_elite/walk/3,"original, generated",Tools/art/gen_enemies.py:build,project-owned (original),
env/gravewood/ground,sprite,Art/Resources/ECArt/env_gravewood.png#env/gravewood/ground,"original, generated",Tools/art/gen_env.py:build,project-owned (original),
env/gravewood/path/0,sprite,Art/Resources/ECArt/env_gravewood.png#env/gravewood/path/0,"original, generated",Tools/art/gen_env.py:build,project-owned (original),
env/gravewood/path/1,sprite,Art/Resources/ECArt/env_gravewood.png#env/gravewood/path/1,"original, generated",Tools/art/gen_env.py:build,project-owned (original),
env/gravewood/path/2,sprite,Art/Resources/ECArt/env_gravewood.png#env/gravewood/path/2,"original, generated",Tools/art/gen_env.py:build,project-owned (original),
env/gravewood/path/3,sprite,Art/Resources/ECArt/env_gravewood.png#env/gravewood/path/3,"original, generated",Tools/art/gen_env.py:build,project-owned (original),
env/gravewood/prop/bush_a,sprite,Art/Resources/ECArt/env_gravewood.png#env/gravewood/prop/bush_a,"original, generated",Tools/art/gen_env.py:build,project-owned (original),
env/gravewood/prop/bush_b,sprite,Art/Resources/ECArt/env_gravewood.png#env/gravewood/prop/bush_b,"original, generated",Tools/art/gen_env.py:build,project-owned (original),
env/gravewood/prop/grass_a,sprite,Art/Resources/ECArt/env_gravewood.png#env/gravewood/prop/grass_a,"original, generated",Tools/art/gen_env.py:build,project-owned (original),
env/gravewood/prop/grass_b,sprite,Art/Resources/ECArt/env_gravewood.png#env/gravewood/prop/grass_b,"original, generated",Tools/art/gen_env.py:build,project-owned (original),
env/gravewood/prop/grass_c,sprite,Art/Resources/ECArt/env_gravewood.png#env/gravewood/prop/grass_c,"original, generated",Tools/art/gen_env.py:build,project-owned (original),
env/gravewood/prop/grave_a,sprite,Art/Resources/ECArt/env_gravewood.png#env/gravewood/prop/grave_a,"original, generated",Tools/art/gen_env.py:build,project-owned (original),
env/gravewood/prop/grave_b,sprite,Art/Resources/ECArt/env_gravewood.png#env/gravewood/prop/grave_b,"original, generated",Tools/art/gen_env.py:build,project-owned (original),
env/gravewood/prop/grave_c,sprite,Art/Resources/ECArt/env_gravewood.png#env/gravewood/prop/grave_c,"original, generated",Tools/art/gen_env.py:build,project-owned (original),
env/gravewood/prop/grave_d,sprite,Art/Resources/ECArt/env_gravewood.png#env/gravewood/prop/grave_d,"original, generated",Tools/art/gen_env.py:build,project-owned (original),
env/gravewood/prop/lantern_post,sprite,Art/Resources/ECArt/env_gravewood.png#env/gravewood/prop/lantern_post,"original, generated",Tools/art/gen_env.py:build,project-owned (original),
env/gravewood/prop/mushroom_a,sprite,Art/Resources/ECArt/env_gravewood.png#env/gravewood/prop/mushroom_a,"original, generated",Tools/art/gen_env.py:build,project-owned (original),
env/gravewood/prop/mushroom_b,sprite,Art/Resources/ECArt/env_gravewood.png#env/gravewood/prop/mushroom_b,"original, generated",Tools/art/gen_env.py:build,project-owned (original),
env/gravewood/prop/rock_a,sprite,Art/Resources/ECArt/env_gravewood.png#env/gravewood/prop/rock_a,"original, generated",Tools/art/gen_env.py:build,project-owned (original),
env/gravewood/prop/rock_b,sprite,Art/Resources/ECArt/env_gravewood.png#env/gravewood/prop/rock_b,"original, generated",Tools/art/gen_env.py:build,project-owned (original),
env/gravewood/prop/stump,sprite,Art/Resources/ECArt/env_gravewood.png#env/gravewood/prop/stump,"original, generated",Tools/art/gen_env.py:build,project-owned (original),
env/gravewood/prop/tree_dead_a,sprite,Art/Resources/ECArt/env_gravewood.png#env/gravewood/prop/tree_dead_a,"original, generated",Tools/art/gen_env.py:build,project-owned (original),
env/gravewood/prop/tree_dead_b,sprite,Art/Resources/ECArt/env_gravewood.png#env/gravewood/prop/tree_dead_b,"original, generated",Tools/art/gen_env.py:build,project-owned (original),
env/gravewood/prop/tree_dead_c,sprite,Art/Resources/ECArt/env_gravewood.png#env/gravewood/prop/tree_dead_c,"original, generated",Tools/art/gen_env.py:build,project-owned (original),
env/gravewood/prop/wall_broken_a,sprite,Art/Resources/ECArt/env_gravewood.png#env/gravewood/prop/wall_broken_a,"original, generated",Tools/art/gen_env.py:build,project-owned (original),
env/gravewood/prop/wall_broken_b,sprite,Art/Resources/ECArt/env_gravewood.png#env/gravewood/prop/wall_broken_b,"original, generated",Tools/art/gen_env.py:build,project-owned (original),
env/gravewood/prop/wall_broken_c,sprite,Art/Resources/ECArt/env_gravewood.png#env/gravewood/prop/wall_broken_c,"original, generated",Tools/art/gen_env.py:build,project-owned (original),
env/gravewood/vignette,sprite,Art/Resources/ECArt/env_gravewood.png#env/gravewood/vignette,"original, generated",Tools/art/gen_env.py:build,project-owned (original),
env/moonfall/ground,sprite,Art/Resources/ECArt/env_moonfall.png#env/moonfall/ground,"original, generated",Tools/art/gen_env.py:build,project-owned (original),
env/moonfall/path/0,sprite,Art/Resources/ECArt/env_moonfall.png#env/moonfall/path/0,"original, generated",Tools/art/gen_env.py:build,project-owned (original),
env/moonfall/path/1,sprite,Art/Resources/ECArt/env_moonfall.png#env/moonfall/path/1,"original, generated",Tools/art/gen_env.py:build,project-owned (original),
env/moonfall/path/2,sprite,Art/Resources/ECArt/env_moonfall.png#env/moonfall/path/2,"original, generated",Tools/art/gen_env.py:build,project-owned (original),
env/moonfall/path/3,sprite,Art/Resources/ECArt/env_moonfall.png#env/moonfall/path/3,"original, generated",Tools/art/gen_env.py:build,project-owned (original),
env/moonfall/prop/banner_torn,sprite,Art/Resources/ECArt/env_moonfall.png#env/moonfall/prop/banner_torn,"original, generated",Tools/art/gen_env.py:build,project-owned (original),
env/moonfall/prop/brazier,sprite,Art/Resources/ECArt/env_moonfall.png#env/moonfall/prop/brazier,"original, generated",Tools/art/gen_env.py:build,project-owned (original),
env/moonfall/prop/cat_statue_a,sprite,Art/Resources/ECArt/env_moonfall.png#env/moonfall/prop/cat_statue_a,"original, generated",Tools/art/gen_env.py:build,project-owned (original),
env/moonfall/prop/cat_statue_b,sprite,Art/Resources/ECArt/env_moonfall.png#env/moonfall/prop/cat_statue_b,"original, generated",Tools/art/gen_env.py:build,project-owned (original),
env/moonfall/prop/crystal_a,sprite,Art/Resources/ECArt/env_moonfall.png#env/moonfall/prop/crystal_a,"original, generated",Tools/art/gen_env.py:build,project-owned (original),
env/moonfall/prop/crystal_b,sprite,Art/Resources/ECArt/env_moonfall.png#env/moonfall/prop/crystal_b,"original, generated",Tools/art/gen_env.py:build,project-owned (original),
env/moonfall/prop/grass_a,sprite,Art/Resources/ECArt/env_moonfall.png#env/moonfall/prop/grass_a,"original, generated",Tools/art/gen_env.py:build,project-owned (original),
env/moonfall/prop/grass_b,sprite,Art/Resources/ECArt/env_moonfall.png#env/moonfall/prop/grass_b,"original, generated",Tools/art/gen_env.py:build,project-owned (original),
env/moonfall/prop/pillar_a,sprite,Art/Resources/ECArt/env_moonfall.png#env/moonfall/prop/pillar_a,"original, generated",Tools/art/gen_env.py:build,project-owned (original),
env/moonfall/prop/pillar_b,sprite,Art/Resources/ECArt/env_moonfall.png#env/moonfall/prop/pillar_b,"original, generated",Tools/art/gen_env.py:build,project-owned (original),
env/moonfall/prop/pillar_c,sprite,Art/Resources/ECArt/env_moonfall.png#env/moonfall/prop/pillar_c,"original, generated",Tools/art/gen_env.py:build,project-owned (original),
env/moonfall/prop/puddle,sprite,Art/Resources/ECArt/env_moonfall.png#env/moonfall/prop/puddle,"original, generated",Tools/art/gen_env.py:build,project-owned (original),
env/moonfall/prop/rubble_a,sprite,Art/Resources/ECArt/env_moonfall.png#env/moonfall/prop/rubble_a,"original, generated",Tools/art/gen_env.py:build,project-owned (original),
env/moonfall/prop/rubble_b,sprite,Art/Resources/ECArt/env_moonfall.png#env/moonfall/prop/rubble_b,"original, generated",Tools/art/gen_env.py:build,project-owned (original),
env/moonfall/prop/rubble_c,sprite,Art/Resources/ECArt/env_moonfall.png#env/moonfall/prop/rubble_c,"original, generated",Tools/art/gen_env.py:build,project-owned (original),
env/moonfall/vignette,sprite,Art/Resources/ECArt/env_moonfall.png#env/moonfall/vignette,"original, generated",Tools/art/gen_env.py:build,project-owned (original),
fx/arc_storm_strike/0,sprite,Art/Resources/ECArt/fx.png#fx/arc_storm_strike/0,"original, generated",Tools/art/gen_fx.py:build,project-owned (original),
fx/arc_storm_strike/1,sprite,Art/Resources/ECArt/fx.png#fx/arc_storm_strike/1,"original, generated",Tools/art/gen_fx.py:build,project-owned (original),
fx/arc_storm_strike/2,sprite,Art/Resources/ECArt/fx.png#fx/arc_storm_strike/2,"original, generated",Tools/art/gen_fx.py:build,project-owned (original),
fx/arc_storm_strike/3,sprite,Art/Resources/ECArt/fx.png#fx/arc_storm_strike/3,"original, generated",Tools/art/gen_fx.py:build,project-owned (original),
fx/arc_storm_strike/4,sprite,Art/Resources/ECArt/fx.png#fx/arc_storm_strike/4,"original, generated",Tools/art/gen_fx.py:build,project-owned (original),
fx/arc_storm_strike/5,sprite,Art/Resources/ECArt/fx.png#fx/arc_storm_strike/5,"original, generated",Tools/art/gen_fx.py:build,project-owned (original),
fx/armour_break,sprite,Art/Resources/ECArt/fx.png#fx/armour_break,"original, generated",Tools/art/gen_fx.py:build,project-owned (original),
fx/arrow,sprite,Art/Resources/ECArt/fx.png#fx/arrow,"original, generated",Tools/art/gen_fx.py:build,project-owned (original),
fx/ballista_bolt,sprite,Art/Resources/ECArt/fx.png#fx/ballista_bolt,"original, generated",Tools/art/gen_fx.py:build,project-owned (original),
fx/barrier_ring/0,sprite,Art/Resources/ECArt/fx.png#fx/barrier_ring/0,"original, generated",Tools/art/gen_fx.py:build,project-owned (original),
fx/barrier_ring/1,sprite,Art/Resources/ECArt/fx.png#fx/barrier_ring/1,"original, generated",Tools/art/gen_fx.py:build,project-owned (original),
fx/barrier_ring/2,sprite,Art/Resources/ECArt/fx.png#fx/barrier_ring/2,"original, generated",Tools/art/gen_fx.py:build,project-owned (original),
fx/barrier_ring/3,sprite,Art/Resources/ECArt/fx.png#fx/barrier_ring/3,"original, generated",Tools/art/gen_fx.py:build,project-owned (original),
fx/bleed/0,sprite,Art/Resources/ECArt/fx.png#fx/bleed/0,"original, generated",Tools/art/gen_fx.py:build,project-owned (original),
fx/bleed/1,sprite,Art/Resources/ECArt/fx.png#fx/bleed/1,"original, generated",Tools/art/gen_fx.py:build,project-owned (original),
fx/bleed/2,sprite,Art/Resources/ECArt/fx.png#fx/bleed/2,"original, generated",Tools/art/gen_fx.py:build,project-owned (original),
fx/bleed/3,sprite,Art/Resources/ECArt/fx.png#fx/bleed/3,"original, generated",Tools/art/gen_fx.py:build,project-owned (original),
fx/boss_aura/0,sprite,Art/Resources/ECArt/fx.png#fx/boss_aura/0,"original, generated",Tools/art/gen_fx.py:build,project-owned (original),
fx/boss_aura/1,sprite,Art/Resources/ECArt/fx.png#fx/boss_aura/1,"original, generated",Tools/art/gen_fx.py:build,project-owned (original),
fx/burn/0,sprite,Art/Resources/ECArt/fx.png#fx/burn/0,"original, generated",Tools/art/gen_fx.py:build,project-owned (original),
fx/burn/1,sprite,Art/Resources/ECArt/fx.png#fx/burn/1,"original, generated",Tools/art/gen_fx.py:build,project-owned (original),
fx/burn/2,sprite,Art/Resources/ECArt/fx.png#fx/burn/2,"original, generated",Tools/art/gen_fx.py:build,project-owned (original),
fx/burn/3,sprite,Art/Resources/ECArt/fx.png#fx/burn/3,"original, generated",Tools/art/gen_fx.py:build,project-owned (original),
fx/chill,sprite,Art/Resources/ECArt/fx.png#fx/chill,"original, generated",Tools/art/gen_fx.py:build,project-owned (original),
fx/coin/0,sprite,Art/Resources/ECArt/fx.png#fx/coin/0,"original, generated",Tools/art/gen_fx.py:build,project-owned (original),
fx/coin/1,sprite,Art/Resources/ECArt/fx.png#fx/coin/1,"original, generated",Tools/art/gen_fx.py:build,project-owned (original),
fx/coin/2,sprite,Art/Resources/ECArt/fx.png#fx/coin/2,"original, generated",Tools/art/gen_fx.py:build,project-owned (original),
fx/coin/3,sprite,Art/Resources/ECArt/fx.png#fx/coin/3,"original, generated",Tools/art/gen_fx.py:build,project-owned (original),
fx/death_poof/0,sprite,Art/Resources/ECArt/fx.png#fx/death_poof/0,"original, generated",Tools/art/gen_fx.py:build,project-owned (original),
fx/death_poof/1,sprite,Art/Resources/ECArt/fx.png#fx/death_poof/1,"original, generated",Tools/art/gen_fx.py:build,project-owned (original),
fx/death_poof/2,sprite,Art/Resources/ECArt/fx.png#fx/death_poof/2,"original, generated",Tools/art/gen_fx.py:build,project-owned (original),
fx/death_poof/3,sprite,Art/Resources/ECArt/fx.png#fx/death_poof/3,"original, generated",Tools/art/gen_fx.py:build,project-owned (original),
fx/death_poof/4,sprite,Art/Resources/ECArt/fx.png#fx/death_poof/4,"original, generated",Tools/art/gen_fx.py:build,project-owned (original),
fx/dust/0,sprite,Art/Resources/ECArt/fx.png#fx/dust/0,"original, generated",Tools/art/gen_fx.py:build,project-owned (original),
fx/dust/1,sprite,Art/Resources/ECArt/fx.png#fx/dust/1,"original, generated",Tools/art/gen_fx.py:build,project-owned (original),
fx/dust/2,sprite,Art/Resources/ECArt/fx.png#fx/dust/2,"original, generated",Tools/art/gen_fx.py:build,project-owned (original),
fx/dust/3,sprite,Art/Resources/ECArt/fx.png#fx/dust/3,"original, generated",Tools/art/gen_fx.py:build,project-owned (original),
fx/elite_aura/0,sprite,Art/Resources/ECArt/fx.png#fx/elite_aura/0,"original, generated",Tools/art/gen_fx.py:build,project-owned (original),
fx/elite_aura/1,sprite,Art/Resources/ECArt/fx.png#fx/elite_aura/1,"original, generated",Tools/art/gen_fx.py:build,project-owned (original),
fx/explosion/0,sprite,Art/Resources/ECArt/fx.png#fx/explosion/0,"original, generated",Tools/art/gen_fx.py:build,project-owned (original),
fx/explosion/1,sprite,Art/Resources/ECArt/fx.png#fx/explosion/1,"original, generated",Tools/art/gen_fx.py:build,project-owned (original),
fx/explosion/2,sprite,Art/Resources/ECArt/fx.png#fx/explosion/2,"original, generated",Tools/art/gen_fx.py:build,project-owned (original),
fx/explosion/3,sprite,Art/Resources/ECArt/fx.png#fx/explosion/3,"original, generated",Tools/art/gen_fx.py:build,project-owned (original),
fx/explosion/4,sprite,Art/Resources/ECArt/fx.png#fx/explosion/4,"original, generated",Tools/art/gen_fx.py:build,project-owned (original),
fx/explosion/5,sprite,Art/Resources/ECArt/fx.png#fx/explosion/5,"original, generated",Tools/art/gen_fx.py:build,project-owned (original),
fx/explosion/6,sprite,Art/Resources/ECArt/fx.png#fx/explosion/6,"original, generated",Tools/art/gen_fx.py:build,project-owned (original),
fx/feather/0,sprite,Art/Resources/ECArt/fx.png#fx/feather/0,"original, generated",Tools/art/gen_fx.py:build,project-owned (original),
fx/feather/1,sprite,Art/Resources/ECArt/fx.png#fx/feather/1,"original, generated",Tools/art/gen_fx.py:build,project-owned (original),
fx/frost_burst/0,sprite,Art/Resources/ECArt/fx.png#fx/frost_burst/0,"original, generated",Tools/art/gen_fx.py:build,project-owned (original),
fx/frost_burst/1,sprite,Art/Resources/ECArt/fx.png#fx/frost_burst/1,"original, generated",Tools/art/gen_fx.py:build,project-owned (original),
fx/frost_burst/2,sprite,Art/Resources/ECArt/fx.png#fx/frost_burst/2,"original, generated",Tools/art/gen_fx.py:build,project-owned (original),
fx/frost_burst/3,sprite,Art/Resources/ECArt/fx.png#fx/frost_burst/3,"original, generated",Tools/art/gen_fx.py:build,project-owned (original),
fx/frost_burst/4,sprite,Art/Resources/ECArt/fx.png#fx/frost_burst/4,"original, generated",Tools/art/gen_fx.py:build,project-owned (original),
fx/frost_burst/5,sprite,Art/Resources/ECArt/fx.png#fx/frost_burst/5,"original, generated",Tools/art/gen_fx.py:build,project-owned (original),
fx/frozen,sprite,Art/Resources/ECArt/fx.png#fx/frozen,"original, generated",Tools/art/gen_fx.py:build,project-owned (original),
fx/gravity_well/0,sprite,Art/Resources/ECArt/fx.png#fx/gravity_well/0,"original, generated",Tools/art/gen_fx.py:build,project-owned (original),
fx/gravity_well/1,sprite,Art/Resources/ECArt/fx.png#fx/gravity_well/1,"original, generated",Tools/art/gen_fx.py:build,project-owned (original),
fx/gravity_well/2,sprite,Art/Resources/ECArt/fx.png#fx/gravity_well/2,"original, generated",Tools/art/gen_fx.py:build,project-owned (original),
fx/gravity_well/3,sprite,Art/Resources/ECArt/fx.png#fx/gravity_well/3,"original, generated",Tools/art/gen_fx.py:build,project-owned (original),
fx/gravity_well/4,sprite,Art/Resources/ECArt/fx.png#fx/gravity_well/4,"original, generated",Tools/art/gen_fx.py:build,project-owned (original),
fx/gravity_well/5,sprite,Art/Resources/ECArt/fx.png#fx/gravity_well/5,"original, generated",Tools/art/gen_fx.py:build,project-owned (original),
fx/heal/0,sprite,Art/Resources/ECArt/fx.png#fx/heal/0,"original, generated",Tools/art/gen_fx.py:build,project-owned (original),
fx/heal/1,sprite,Art/Resources/ECArt/fx.png#fx/heal/1,"original, generated",Tools/art/gen_fx.py:build,project-owned (original),
fx/heal/2,sprite,Art/Resources/ECArt/fx.png#fx/heal/2,"original, generated",Tools/art/gen_fx.py:build,project-owned (original),
fx/heal/3,sprite,Art/Resources/ECArt/fx.png#fx/heal/3,"original, generated",Tools/art/gen_fx.py:build,project-owned (original),
fx/heal/4,sprite,Art/Resources/ECArt/fx.png#fx/heal/4,"original, generated",Tools/art/gen_fx.py:build,project-owned (original),
fx/impact/0,sprite,Art/Resources/ECArt/fx.png#fx/impact/0,"original, generated",Tools/art/gen_fx.py:build,project-owned (original),
fx/impact/1,sprite,Art/Resources/ECArt/fx.png#fx/impact/1,"original, generated",Tools/art/gen_fx.py:build,project-owned (original),
fx/impact/2,sprite,Art/Resources/ECArt/fx.png#fx/impact/2,"original, generated",Tools/art/gen_fx.py:build,project-owned (original),
fx/impact/3,sprite,Art/Resources/ECArt/fx.png#fx/impact/3,"original, generated",Tools/art/gen_fx.py:build,project-owned (original),
fx/level_up/0,sprite,Art/Resources/ECArt/fx.png#fx/level_up/0,"original, generated",Tools/art/gen_fx.py:build,project-owned (original),
fx/level_up/1,sprite,Art/Resources/ECArt/fx.png#fx/level_up/1,"original, generated",Tools/art/gen_fx.py:build,project-owned (original),
fx/level_up/2,sprite,Art/Resources/ECArt/fx.png#fx/level_up/2,"original, generated",Tools/art/gen_fx.py:build,project-owned (original),
fx/level_up/3,sprite,Art/Resources/ECArt/fx.png#fx/level_up/3,"original, generated",Tools/art/gen_fx.py:build,project-owned (original),
fx/level_up/4,sprite,Art/Resources/ECArt/fx.png#fx/level_up/4,"original, generated",Tools/art/gen_fx.py:build,project-owned (original),
fx/level_up/5,sprite,Art/Resources/ECArt/fx.png#fx/level_up/5,"original, generated",Tools/art/gen_fx.py:build,project-owned (original),
fx/lightning_tex,sprite,Art/Resources/ECArt/fx.png#fx/lightning_tex,"original, generated",Tools/art/gen_fx.py:build,project-owned (original),
fx/mark,sprite,Art/Resources/ECArt/fx.png#fx/mark,"original, generated",Tools/art/gen_fx.py:build,project-owned (original),
fx/powder_blast/0,sprite,Art/Resources/ECArt/fx.png#fx/powder_blast/0,"original, generated",Tools/art/gen_fx.py:build,project-owned (original),
fx/powder_blast/1,sprite,Art/Resources/ECArt/fx.png#fx/powder_blast/1,"original, generated",Tools/art/gen_fx.py:build,project-owned (original),
fx/powder_blast/2,sprite,Art/Resources/ECArt/fx.png#fx/powder_blast/2,"original, generated",Tools/art/gen_fx.py:build,project-owned (original),
fx/powder_blast/3,sprite,Art/Resources/ECArt/fx.png#fx/powder_blast/3,"original, generated",Tools/art/gen_fx.py:build,project-owned (original),
fx/powder_blast/4,sprite,Art/Resources/ECArt/fx.png#fx/powder_blast/4,"original, generated",Tools/art/gen_fx.py:build,project-owned (original),
fx/powder_blast/5,sprite,Art/Resources/ECArt/fx.png#fx/powder_blast/5,"original, generated",Tools/art/gen_fx.py:build,project-owned (original),
fx/priest_heal_ring/0,sprite,Art/Resources/ECArt/fx.png#fx/priest_heal_ring/0,"original, generated",Tools/art/gen_fx.py:build,project-owned (original),
fx/priest_heal_ring/1,sprite,Art/Resources/ECArt/fx.png#fx/priest_heal_ring/1,"original, generated",Tools/art/gen_fx.py:build,project-owned (original),
fx/priest_heal_ring/2,sprite,Art/Resources/ECArt/fx.png#fx/priest_heal_ring/2,"original, generated",Tools/art/gen_fx.py:build,project-owned (original),
fx/priest_heal_ring/3,sprite,Art/Resources/ECArt/fx.png#fx/priest_heal_ring/3,"original, generated",Tools/art/gen_fx.py:build,project-owned (original),
fx/priest_heal_ring/4,sprite,Art/Resources/ECArt/fx.png#fx/priest_heal_ring/4,"original, generated",Tools/art/gen_fx.py:build,project-owned (original),
fx/range_ring,sprite,Art/Resources/ECArt/fx.png#fx/range_ring,"original, generated",Tools/art/gen_fx.py:build,project-owned (original),
fx/sector_edge,sprite,Art/Resources/ECArt/fx.png#fx/sector_edge,"original, generated",Tools/art/gen_fx.py:build,project-owned (original),
fx/shadow,sprite,Art/Resources/ECArt/fx.png#fx/shadow,"original, generated",Tools/art/gen_fx.py:build,project-owned (original),
fx/shatter/0,sprite,Art/Resources/ECArt/fx.png#fx/shatter/0,"original, generated",Tools/art/gen_fx.py:build,project-owned (original),
fx/shatter/1,sprite,Art/Resources/ECArt/fx.png#fx/shatter/1,"original, generated",Tools/art/gen_fx.py:build,project-owned (original),
fx/shatter/2,sprite,Art/Resources/ECArt/fx.png#fx/shatter/2,"original, generated",Tools/art/gen_fx.py:build,project-owned (original),
fx/shatter/3,sprite,Art/Resources/ECArt/fx.png#fx/shatter/3,"original, generated",Tools/art/gen_fx.py:build,project-owned (original),
fx/shatter/4,sprite,Art/Resources/ECArt/fx.png#fx/shatter/4,"original, generated",Tools/art/gen_fx.py:build,project-owned (original),
fx/shell/0,sprite,Art/Resources/ECArt/fx.png#fx/shell/0,"original, generated",Tools/art/gen_fx.py:build,project-owned (original),
fx/shell/1,sprite,Art/Resources/ECArt/fx.png#fx/shell/1,"original, generated",Tools/art/gen_fx.py:build,project-owned (original),
fx/spark_hit/0,sprite,Art/Resources/ECArt/fx.png#fx/spark_hit/0,"original, generated",Tools/art/gen_fx.py:build,project-owned (original),
fx/spark_hit/1,sprite,Art/Resources/ECArt/fx.png#fx/spark_hit/1,"original, generated",Tools/art/gen_fx.py:build,project-owned (original),
fx/spark_hit/2,sprite,Art/Resources/ECArt/fx.png#fx/spark_hit/2,"original, generated",Tools/art/gen_fx.py:build,project-owned (original),
fx/spark_hit/3,sprite,Art/Resources/ECArt/fx.png#fx/spark_hit/3,"original, generated",Tools/art/gen_fx.py:build,project-owned (original),
fx/spark_hit/4,sprite,Art/Resources/ECArt/fx.png#fx/spark_hit/4,"original, generated",Tools/art/gen_fx.py:build,project-owned (original),
fx/stun/0,sprite,Art/Resources/ECArt/fx.png#fx/stun/0,"original, generated",Tools/art/gen_fx.py:build,project-owned (original),
fx/stun/1,sprite,Art/Resources/ECArt/fx.png#fx/stun/1,"original, generated",Tools/art/gen_fx.py:build,project-owned (original),
fx/stun/2,sprite,Art/Resources/ECArt/fx.png#fx/stun/2,"original, generated",Tools/art/gen_fx.py:build,project-owned (original),
fx/stun/3,sprite,Art/Resources/ECArt/fx.png#fx/stun/3,"original, generated",Tools/art/gen_fx.py:build,project-owned (original),
fx/synergy_link,sprite,Art/Resources/ECArt/fx.png#fx/synergy_link,"original, generated",Tools/art/gen_fx.py:build,project-owned (original),
fx/target_reticle/0,sprite,Art/Resources/ECArt/fx.png#fx/target_reticle/0,"original, generated",Tools/art/gen_fx.py:build,project-owned (original),
fx/target_reticle/1,sprite,Art/Resources/ECArt/fx.png#fx/target_reticle/1,"original, generated",Tools/art/gen_fx.py:build,project-owned (original),
fx/telegraph_chevron,sprite,Art/Resources/ECArt/fx.png#fx/telegraph_chevron,"original, generated",Tools/art/gen_fx.py:build,project-owned (original),
fx/telegraph_circle,sprite,Art/Resources/ECArt/fx.png#fx/telegraph_circle,"original, generated",Tools/art/gen_fx.py:build,project-owned (original),
fx/telegraph_fill,sprite,Art/Resources/ECArt/fx.png#fx/telegraph_fill,"original, generated",Tools/art/gen_fx.py:build,project-owned (original),
fx/winter_ring/0,sprite,Art/Resources/ECArt/fx.png#fx/winter_ring/0,"original, generated",Tools/art/gen_fx.py:build,project-owned (original),
fx/winter_ring/1,sprite,Art/Resources/ECArt/fx.png#fx/winter_ring/1,"original, generated",Tools/art/gen_fx.py:build,project-owned (original),
fx/winter_ring/2,sprite,Art/Resources/ECArt/fx.png#fx/winter_ring/2,"original, generated",Tools/art/gen_fx.py:build,project-owned (original),
fx/winter_ring/3,sprite,Art/Resources/ECArt/fx.png#fx/winter_ring/3,"original, generated",Tools/art/gen_fx.py:build,project-owned (original),
fx/winter_ring/4,sprite,Art/Resources/ECArt/fx.png#fx/winter_ring/4,"original, generated",Tools/art/gen_fx.py:build,project-owned (original),
fx/winter_ring/5,sprite,Art/Resources/ECArt/fx.png#fx/winter_ring/5,"original, generated",Tools/art/gen_fx.py:build,project-owned (original),
fx/xp_orb/0,sprite,Art/Resources/ECArt/fx.png#fx/xp_orb/0,"original, generated",Tools/art/gen_fx.py:build,project-owned (original),
fx/xp_orb/1,sprite,Art/Resources/ECArt/fx.png#fx/xp_orb/1,"original, generated",Tools/art/gen_fx.py:build,project-owned (original),
fx/xp_orb/2,sprite,Art/Resources/ECArt/fx.png#fx/xp_orb/2,"original, generated",Tools/art/gen_fx.py:build,project-owned (original),
fx/xp_orb/3,sprite,Art/Resources/ECArt/fx.png#fx/xp_orb/3,"original, generated",Tools/art/gen_fx.py:build,project-owned (original),
hero/arc_light_cat/attack/0,sprite,Art/Resources/ECArt/hero.png#hero/arc_light_cat/attack/0,"original, generated",Tools/art/gen_hero.py:build,project-owned (original),
hero/arc_light_cat/attack/1,sprite,Art/Resources/ECArt/hero.png#hero/arc_light_cat/attack/1,"original, generated",Tools/art/gen_hero.py:build,project-owned (original),
hero/arc_light_cat/attack/2,sprite,Art/Resources/ECArt/hero.png#hero/arc_light_cat/attack/2,"original, generated",Tools/art/gen_hero.py:build,project-owned (original),
hero/arc_light_cat/attack/3,sprite,Art/Resources/ECArt/hero.png#hero/arc_light_cat/attack/3,"original, generated",Tools/art/gen_hero.py:build,project-owned (original),
hero/arc_light_cat/attack/4,sprite,Art/Resources/ECArt/hero.png#hero/arc_light_cat/attack/4,"original, generated",Tools/art/gen_hero.py:build,project-owned (original),
hero/arc_light_cat/cast/0,sprite,Art/Resources/ECArt/hero.png#hero/arc_light_cat/cast/0,"original, generated",Tools/art/gen_hero.py:build,project-owned (original),
hero/arc_light_cat/cast/1,sprite,Art/Resources/ECArt/hero.png#hero/arc_light_cat/cast/1,"original, generated",Tools/art/gen_hero.py:build,project-owned (original),
hero/arc_light_cat/cast/2,sprite,Art/Resources/ECArt/hero.png#hero/arc_light_cat/cast/2,"original, generated",Tools/art/gen_hero.py:build,project-owned (original),
hero/arc_light_cat/cast/3,sprite,Art/Resources/ECArt/hero.png#hero/arc_light_cat/cast/3,"original, generated",Tools/art/gen_hero.py:build,project-owned (original),
hero/arc_light_cat/cast/4,sprite,Art/Resources/ECArt/hero.png#hero/arc_light_cat/cast/4,"original, generated",Tools/art/gen_hero.py:build,project-owned (original),
hero/arc_light_cat/cast/5,sprite,Art/Resources/ECArt/hero.png#hero/arc_light_cat/cast/5,"original, generated",Tools/art/gen_hero.py:build,project-owned (original),
hero/arc_light_cat/cast/6,sprite,Art/Resources/ECArt/hero.png#hero/arc_light_cat/cast/6,"original, generated",Tools/art/gen_hero.py:build,project-owned (original),
hero/arc_light_cat/cast/7,sprite,Art/Resources/ECArt/hero.png#hero/arc_light_cat/cast/7,"original, generated",Tools/art/gen_hero.py:build,project-owned (original),
hero/arc_light_cat/defeat/0,sprite,Art/Resources/ECArt/hero.png#hero/arc_light_cat/defeat/0,"original, generated",Tools/art/gen_hero.py:build,project-owned (original),
hero/arc_light_cat/defeat/1,sprite,Art/Resources/ECArt/hero.png#hero/arc_light_cat/defeat/1,"original, generated",Tools/art/gen_hero.py:build,project-owned (original),
hero/arc_light_cat/defeat/2,sprite,Art/Resources/ECArt/hero.png#hero/arc_light_cat/defeat/2,"original, generated",Tools/art/gen_hero.py:build,project-owned (original),
hero/arc_light_cat/defeat/3,sprite,Art/Resources/ECArt/hero.png#hero/arc_light_cat/defeat/3,"original, generated",Tools/art/gen_hero.py:build,project-owned (original),
hero/arc_light_cat/defeat/4,sprite,Art/Resources/ECArt/hero.png#hero/arc_light_cat/defeat/4,"original, generated",Tools/art/gen_hero.py:build,project-owned (original),
hero/arc_light_cat/defeat/5,sprite,Art/Resources/ECArt/hero.png#hero/arc_light_cat/defeat/5,"original, generated",Tools/art/gen_hero.py:build,project-owned (original),
hero/arc_light_cat/hit/0,sprite,Art/Resources/ECArt/hero.png#hero/arc_light_cat/hit/0,"original, generated",Tools/art/gen_hero.py:build,project-owned (original),
hero/arc_light_cat/hit/1,sprite,Art/Resources/ECArt/hero.png#hero/arc_light_cat/hit/1,"original, generated",Tools/art/gen_hero.py:build,project-owned (original),
hero/arc_light_cat/hit/2,sprite,Art/Resources/ECArt/hero.png#hero/arc_light_cat/hit/2,"original, generated",Tools/art/gen_hero.py:build,project-owned (original),
hero/arc_light_cat/idle/0,sprite,Art/Resources/ECArt/hero.png#hero/arc_light_cat/idle/0,"original, generated",Tools/art/gen_hero.py:build,project-owned (original),
hero/arc_light_cat/idle/1,sprite,Art/Resources/ECArt/hero.png#hero/arc_light_cat/idle/1,"original, generated",Tools/art/gen_hero.py:build,project-owned (original),
hero/arc_light_cat/idle/2,sprite,Art/Resources/ECArt/hero.png#hero/arc_light_cat/idle/2,"original, generated",Tools/art/gen_hero.py:build,project-owned (original),
hero/arc_light_cat/idle/3,sprite,Art/Resources/ECArt/hero.png#hero/arc_light_cat/idle/3,"original, generated",Tools/art/gen_hero.py:build,project-owned (original),
hero/arc_light_cat/idle/4,sprite,Art/Resources/ECArt/hero.png#hero/arc_light_cat/idle/4,"original, generated",Tools/art/gen_hero.py:build,project-owned (original),
hero/arc_light_cat/idle/5,sprite,Art/Resources/ECArt/hero.png#hero/arc_light_cat/idle/5,"original, generated",Tools/art/gen_hero.py:build,project-owned (original),
hero/arc_light_cat/idle/6,sprite,Art/Resources/ECArt/hero.png#hero/arc_light_cat/idle/6,"original, generated",Tools/art/gen_hero.py:build,project-owned (original),
hero/arc_light_cat/idle/7,sprite,Art/Resources/ECArt/hero.png#hero/arc_light_cat/idle/7,"original, generated",Tools/art/gen_hero.py:build,project-owned (original),
hero/arc_light_cat/victory/0,sprite,Art/Resources/ECArt/hero.png#hero/arc_light_cat/victory/0,"original, generated",Tools/art/gen_hero.py:build,project-owned (original),
hero/arc_light_cat/victory/1,sprite,Art/Resources/ECArt/hero.png#hero/arc_light_cat/victory/1,"original, generated",Tools/art/gen_hero.py:build,project-owned (original),
hero/arc_light_cat/victory/2,sprite,Art/Resources/ECArt/hero.png#hero/arc_light_cat/victory/2,"original, generated",Tools/art/gen_hero.py:build,project-owned (original),
hero/arc_light_cat/victory/3,sprite,Art/Resources/ECArt/hero.png#hero/arc_light_cat/victory/3,"original, generated",Tools/art/gen_hero.py:build,project-owned (original),
hero/arc_light_cat/victory/4,sprite,Art/Resources/ECArt/hero.png#hero/arc_light_cat/victory/4,"original, generated",Tools/art/gen_hero.py:build,project-owned (original),
hero/arc_light_cat/victory/5,sprite,Art/Resources/ECArt/hero.png#hero/arc_light_cat/victory/5,"original, generated",Tools/art/gen_hero.py:build,project-owned (original),
hero/arc_light_cat_ember/attack/0,sprite,Art/Resources/ECArt/hero.png#hero/arc_light_cat_ember/attack/0,"original, generated",Tools/art/gen_hero.py:build,project-owned (original),
hero/arc_light_cat_ember/attack/1,sprite,Art/Resources/ECArt/hero.png#hero/arc_light_cat_ember/attack/1,"original, generated",Tools/art/gen_hero.py:build,project-owned (original),
hero/arc_light_cat_ember/attack/2,sprite,Art/Resources/ECArt/hero.png#hero/arc_light_cat_ember/attack/2,"original, generated",Tools/art/gen_hero.py:build,project-owned (original),
hero/arc_light_cat_ember/attack/3,sprite,Art/Resources/ECArt/hero.png#hero/arc_light_cat_ember/attack/3,"original, generated",Tools/art/gen_hero.py:build,project-owned (original),
hero/arc_light_cat_ember/attack/4,sprite,Art/Resources/ECArt/hero.png#hero/arc_light_cat_ember/attack/4,"original, generated",Tools/art/gen_hero.py:build,project-owned (original),
hero/arc_light_cat_ember/cast/0,sprite,Art/Resources/ECArt/hero.png#hero/arc_light_cat_ember/cast/0,"original, generated",Tools/art/gen_hero.py:build,project-owned (original),
hero/arc_light_cat_ember/cast/1,sprite,Art/Resources/ECArt/hero.png#hero/arc_light_cat_ember/cast/1,"original, generated",Tools/art/gen_hero.py:build,project-owned (original),
hero/arc_light_cat_ember/cast/2,sprite,Art/Resources/ECArt/hero.png#hero/arc_light_cat_ember/cast/2,"original, generated",Tools/art/gen_hero.py:build,project-owned (original),
hero/arc_light_cat_ember/cast/3,sprite,Art/Resources/ECArt/hero.png#hero/arc_light_cat_ember/cast/3,"original, generated",Tools/art/gen_hero.py:build,project-owned (original),
hero/arc_light_cat_ember/cast/4,sprite,Art/Resources/ECArt/hero.png#hero/arc_light_cat_ember/cast/4,"original, generated",Tools/art/gen_hero.py:build,project-owned (original),
hero/arc_light_cat_ember/cast/5,sprite,Art/Resources/ECArt/hero.png#hero/arc_light_cat_ember/cast/5,"original, generated",Tools/art/gen_hero.py:build,project-owned (original),
hero/arc_light_cat_ember/cast/6,sprite,Art/Resources/ECArt/hero.png#hero/arc_light_cat_ember/cast/6,"original, generated",Tools/art/gen_hero.py:build,project-owned (original),
hero/arc_light_cat_ember/cast/7,sprite,Art/Resources/ECArt/hero.png#hero/arc_light_cat_ember/cast/7,"original, generated",Tools/art/gen_hero.py:build,project-owned (original),
hero/arc_light_cat_ember/defeat/0,sprite,Art/Resources/ECArt/hero.png#hero/arc_light_cat_ember/defeat/0,"original, generated",Tools/art/gen_hero.py:build,project-owned (original),
hero/arc_light_cat_ember/defeat/1,sprite,Art/Resources/ECArt/hero.png#hero/arc_light_cat_ember/defeat/1,"original, generated",Tools/art/gen_hero.py:build,project-owned (original),
hero/arc_light_cat_ember/defeat/2,sprite,Art/Resources/ECArt/hero.png#hero/arc_light_cat_ember/defeat/2,"original, generated",Tools/art/gen_hero.py:build,project-owned (original),
hero/arc_light_cat_ember/defeat/3,sprite,Art/Resources/ECArt/hero.png#hero/arc_light_cat_ember/defeat/3,"original, generated",Tools/art/gen_hero.py:build,project-owned (original),
hero/arc_light_cat_ember/defeat/4,sprite,Art/Resources/ECArt/hero.png#hero/arc_light_cat_ember/defeat/4,"original, generated",Tools/art/gen_hero.py:build,project-owned (original),
hero/arc_light_cat_ember/defeat/5,sprite,Art/Resources/ECArt/hero.png#hero/arc_light_cat_ember/defeat/5,"original, generated",Tools/art/gen_hero.py:build,project-owned (original),
hero/arc_light_cat_ember/hit/0,sprite,Art/Resources/ECArt/hero.png#hero/arc_light_cat_ember/hit/0,"original, generated",Tools/art/gen_hero.py:build,project-owned (original),
hero/arc_light_cat_ember/hit/1,sprite,Art/Resources/ECArt/hero.png#hero/arc_light_cat_ember/hit/1,"original, generated",Tools/art/gen_hero.py:build,project-owned (original),
hero/arc_light_cat_ember/hit/2,sprite,Art/Resources/ECArt/hero.png#hero/arc_light_cat_ember/hit/2,"original, generated",Tools/art/gen_hero.py:build,project-owned (original),
hero/arc_light_cat_ember/idle/0,sprite,Art/Resources/ECArt/hero.png#hero/arc_light_cat_ember/idle/0,"original, generated",Tools/art/gen_hero.py:build,project-owned (original),
hero/arc_light_cat_ember/idle/1,sprite,Art/Resources/ECArt/hero.png#hero/arc_light_cat_ember/idle/1,"original, generated",Tools/art/gen_hero.py:build,project-owned (original),
hero/arc_light_cat_ember/idle/2,sprite,Art/Resources/ECArt/hero.png#hero/arc_light_cat_ember/idle/2,"original, generated",Tools/art/gen_hero.py:build,project-owned (original),
hero/arc_light_cat_ember/idle/3,sprite,Art/Resources/ECArt/hero.png#hero/arc_light_cat_ember/idle/3,"original, generated",Tools/art/gen_hero.py:build,project-owned (original),
hero/arc_light_cat_ember/idle/4,sprite,Art/Resources/ECArt/hero.png#hero/arc_light_cat_ember/idle/4,"original, generated",Tools/art/gen_hero.py:build,project-owned (original),
hero/arc_light_cat_ember/idle/5,sprite,Art/Resources/ECArt/hero.png#hero/arc_light_cat_ember/idle/5,"original, generated",Tools/art/gen_hero.py:build,project-owned (original),
hero/arc_light_cat_ember/idle/6,sprite,Art/Resources/ECArt/hero.png#hero/arc_light_cat_ember/idle/6,"original, generated",Tools/art/gen_hero.py:build,project-owned (original),
hero/arc_light_cat_ember/idle/7,sprite,Art/Resources/ECArt/hero.png#hero/arc_light_cat_ember/idle/7,"original, generated",Tools/art/gen_hero.py:build,project-owned (original),
hero/arc_light_cat_ember/victory/0,sprite,Art/Resources/ECArt/hero.png#hero/arc_light_cat_ember/victory/0,"original, generated",Tools/art/gen_hero.py:build,project-owned (original),
hero/arc_light_cat_ember/victory/1,sprite,Art/Resources/ECArt/hero.png#hero/arc_light_cat_ember/victory/1,"original, generated",Tools/art/gen_hero.py:build,project-owned (original),
hero/arc_light_cat_ember/victory/2,sprite,Art/Resources/ECArt/hero.png#hero/arc_light_cat_ember/victory/2,"original, generated",Tools/art/gen_hero.py:build,project-owned (original),
hero/arc_light_cat_ember/victory/3,sprite,Art/Resources/ECArt/hero.png#hero/arc_light_cat_ember/victory/3,"original, generated",Tools/art/gen_hero.py:build,project-owned (original),
hero/arc_light_cat_ember/victory/4,sprite,Art/Resources/ECArt/hero.png#hero/arc_light_cat_ember/victory/4,"original, generated",Tools/art/gen_hero.py:build,project-owned (original),
hero/arc_light_cat_ember/victory/5,sprite,Art/Resources/ECArt/hero.png#hero/arc_light_cat_ember/victory/5,"original, generated",Tools/art/gen_hero.py:build,project-owned (original),
hero/arc_light_cat_frost/attack/0,sprite,Art/Resources/ECArt/hero.png#hero/arc_light_cat_frost/attack/0,"original, generated",Tools/art/gen_hero.py:build,project-owned (original),
hero/arc_light_cat_frost/attack/1,sprite,Art/Resources/ECArt/hero.png#hero/arc_light_cat_frost/attack/1,"original, generated",Tools/art/gen_hero.py:build,project-owned (original),
hero/arc_light_cat_frost/attack/2,sprite,Art/Resources/ECArt/hero.png#hero/arc_light_cat_frost/attack/2,"original, generated",Tools/art/gen_hero.py:build,project-owned (original),
hero/arc_light_cat_frost/attack/3,sprite,Art/Resources/ECArt/hero.png#hero/arc_light_cat_frost/attack/3,"original, generated",Tools/art/gen_hero.py:build,project-owned (original),
hero/arc_light_cat_frost/attack/4,sprite,Art/Resources/ECArt/hero.png#hero/arc_light_cat_frost/attack/4,"original, generated",Tools/art/gen_hero.py:build,project-owned (original),
hero/arc_light_cat_frost/cast/0,sprite,Art/Resources/ECArt/hero.png#hero/arc_light_cat_frost/cast/0,"original, generated",Tools/art/gen_hero.py:build,project-owned (original),
hero/arc_light_cat_frost/cast/1,sprite,Art/Resources/ECArt/hero.png#hero/arc_light_cat_frost/cast/1,"original, generated",Tools/art/gen_hero.py:build,project-owned (original),
hero/arc_light_cat_frost/cast/2,sprite,Art/Resources/ECArt/hero.png#hero/arc_light_cat_frost/cast/2,"original, generated",Tools/art/gen_hero.py:build,project-owned (original),
hero/arc_light_cat_frost/cast/3,sprite,Art/Resources/ECArt/hero.png#hero/arc_light_cat_frost/cast/3,"original, generated",Tools/art/gen_hero.py:build,project-owned (original),
hero/arc_light_cat_frost/cast/4,sprite,Art/Resources/ECArt/hero.png#hero/arc_light_cat_frost/cast/4,"original, generated",Tools/art/gen_hero.py:build,project-owned (original),
hero/arc_light_cat_frost/cast/5,sprite,Art/Resources/ECArt/hero.png#hero/arc_light_cat_frost/cast/5,"original, generated",Tools/art/gen_hero.py:build,project-owned (original),
hero/arc_light_cat_frost/cast/6,sprite,Art/Resources/ECArt/hero.png#hero/arc_light_cat_frost/cast/6,"original, generated",Tools/art/gen_hero.py:build,project-owned (original),
hero/arc_light_cat_frost/cast/7,sprite,Art/Resources/ECArt/hero.png#hero/arc_light_cat_frost/cast/7,"original, generated",Tools/art/gen_hero.py:build,project-owned (original),
hero/arc_light_cat_frost/defeat/0,sprite,Art/Resources/ECArt/hero.png#hero/arc_light_cat_frost/defeat/0,"original, generated",Tools/art/gen_hero.py:build,project-owned (original),
hero/arc_light_cat_frost/defeat/1,sprite,Art/Resources/ECArt/hero.png#hero/arc_light_cat_frost/defeat/1,"original, generated",Tools/art/gen_hero.py:build,project-owned (original),
hero/arc_light_cat_frost/defeat/2,sprite,Art/Resources/ECArt/hero.png#hero/arc_light_cat_frost/defeat/2,"original, generated",Tools/art/gen_hero.py:build,project-owned (original),
hero/arc_light_cat_frost/defeat/3,sprite,Art/Resources/ECArt/hero.png#hero/arc_light_cat_frost/defeat/3,"original, generated",Tools/art/gen_hero.py:build,project-owned (original),
hero/arc_light_cat_frost/defeat/4,sprite,Art/Resources/ECArt/hero.png#hero/arc_light_cat_frost/defeat/4,"original, generated",Tools/art/gen_hero.py:build,project-owned (original),
hero/arc_light_cat_frost/defeat/5,sprite,Art/Resources/ECArt/hero.png#hero/arc_light_cat_frost/defeat/5,"original, generated",Tools/art/gen_hero.py:build,project-owned (original),
hero/arc_light_cat_frost/hit/0,sprite,Art/Resources/ECArt/hero.png#hero/arc_light_cat_frost/hit/0,"original, generated",Tools/art/gen_hero.py:build,project-owned (original),
hero/arc_light_cat_frost/hit/1,sprite,Art/Resources/ECArt/hero.png#hero/arc_light_cat_frost/hit/1,"original, generated",Tools/art/gen_hero.py:build,project-owned (original),
hero/arc_light_cat_frost/hit/2,sprite,Art/Resources/ECArt/hero.png#hero/arc_light_cat_frost/hit/2,"original, generated",Tools/art/gen_hero.py:build,project-owned (original),
hero/arc_light_cat_frost/idle/0,sprite,Art/Resources/ECArt/hero.png#hero/arc_light_cat_frost/idle/0,"original, generated",Tools/art/gen_hero.py:build,project-owned (original),
hero/arc_light_cat_frost/idle/1,sprite,Art/Resources/ECArt/hero.png#hero/arc_light_cat_frost/idle/1,"original, generated",Tools/art/gen_hero.py:build,project-owned (original),
hero/arc_light_cat_frost/idle/2,sprite,Art/Resources/ECArt/hero.png#hero/arc_light_cat_frost/idle/2,"original, generated",Tools/art/gen_hero.py:build,project-owned (original),
hero/arc_light_cat_frost/idle/3,sprite,Art/Resources/ECArt/hero.png#hero/arc_light_cat_frost/idle/3,"original, generated",Tools/art/gen_hero.py:build,project-owned (original),
hero/arc_light_cat_frost/idle/4,sprite,Art/Resources/ECArt/hero.png#hero/arc_light_cat_frost/idle/4,"original, generated",Tools/art/gen_hero.py:build,project-owned (original),
hero/arc_light_cat_frost/idle/5,sprite,Art/Resources/ECArt/hero.png#hero/arc_light_cat_frost/idle/5,"original, generated",Tools/art/gen_hero.py:build,project-owned (original),
hero/arc_light_cat_frost/idle/6,sprite,Art/Resources/ECArt/hero.png#hero/arc_light_cat_frost/idle/6,"original, generated",Tools/art/gen_hero.py:build,project-owned (original),
hero/arc_light_cat_frost/idle/7,sprite,Art/Resources/ECArt/hero.png#hero/arc_light_cat_frost/idle/7,"original, generated",Tools/art/gen_hero.py:build,project-owned (original),
hero/arc_light_cat_frost/victory/0,sprite,Art/Resources/ECArt/hero.png#hero/arc_light_cat_frost/victory/0,"original, generated",Tools/art/gen_hero.py:build,project-owned (original),
hero/arc_light_cat_frost/victory/1,sprite,Art/Resources/ECArt/hero.png#hero/arc_light_cat_frost/victory/1,"original, generated",Tools/art/gen_hero.py:build,project-owned (original),
hero/arc_light_cat_frost/victory/2,sprite,Art/Resources/ECArt/hero.png#hero/arc_light_cat_frost/victory/2,"original, generated",Tools/art/gen_hero.py:build,project-owned (original),
hero/arc_light_cat_frost/victory/3,sprite,Art/Resources/ECArt/hero.png#hero/arc_light_cat_frost/victory/3,"original, generated",Tools/art/gen_hero.py:build,project-owned (original),
hero/arc_light_cat_frost/victory/4,sprite,Art/Resources/ECArt/hero.png#hero/arc_light_cat_frost/victory/4,"original, generated",Tools/art/gen_hero.py:build,project-owned (original),
hero/arc_light_cat_frost/victory/5,sprite,Art/Resources/ECArt/hero.png#hero/arc_light_cat_frost/victory/5,"original, generated",Tools/art/gen_hero.py:build,project-owned (original),
hero/arc_light_cat_gilded/attack/0,sprite,Art/Resources/ECArt/hero.png#hero/arc_light_cat_gilded/attack/0,"original, generated",Tools/art/gen_hero.py:build,project-owned (original),
hero/arc_light_cat_gilded/attack/1,sprite,Art/Resources/ECArt/hero.png#hero/arc_light_cat_gilded/attack/1,"original, generated",Tools/art/gen_hero.py:build,project-owned (original),
hero/arc_light_cat_gilded/attack/2,sprite,Art/Resources/ECArt/hero.png#hero/arc_light_cat_gilded/attack/2,"original, generated",Tools/art/gen_hero.py:build,project-owned (original),
hero/arc_light_cat_gilded/attack/3,sprite,Art/Resources/ECArt/hero.png#hero/arc_light_cat_gilded/attack/3,"original, generated",Tools/art/gen_hero.py:build,project-owned (original),
hero/arc_light_cat_gilded/attack/4,sprite,Art/Resources/ECArt/hero.png#hero/arc_light_cat_gilded/attack/4,"original, generated",Tools/art/gen_hero.py:build,project-owned (original),
hero/arc_light_cat_gilded/cast/0,sprite,Art/Resources/ECArt/hero.png#hero/arc_light_cat_gilded/cast/0,"original, generated",Tools/art/gen_hero.py:build,project-owned (original),
hero/arc_light_cat_gilded/cast/1,sprite,Art/Resources/ECArt/hero.png#hero/arc_light_cat_gilded/cast/1,"original, generated",Tools/art/gen_hero.py:build,project-owned (original),
hero/arc_light_cat_gilded/cast/2,sprite,Art/Resources/ECArt/hero.png#hero/arc_light_cat_gilded/cast/2,"original, generated",Tools/art/gen_hero.py:build,project-owned (original),
hero/arc_light_cat_gilded/cast/3,sprite,Art/Resources/ECArt/hero.png#hero/arc_light_cat_gilded/cast/3,"original, generated",Tools/art/gen_hero.py:build,project-owned (original),
hero/arc_light_cat_gilded/cast/4,sprite,Art/Resources/ECArt/hero.png#hero/arc_light_cat_gilded/cast/4,"original, generated",Tools/art/gen_hero.py:build,project-owned (original),
hero/arc_light_cat_gilded/cast/5,sprite,Art/Resources/ECArt/hero.png#hero/arc_light_cat_gilded/cast/5,"original, generated",Tools/art/gen_hero.py:build,project-owned (original),
hero/arc_light_cat_gilded/cast/6,sprite,Art/Resources/ECArt/hero.png#hero/arc_light_cat_gilded/cast/6,"original, generated",Tools/art/gen_hero.py:build,project-owned (original),
hero/arc_light_cat_gilded/cast/7,sprite,Art/Resources/ECArt/hero.png#hero/arc_light_cat_gilded/cast/7,"original, generated",Tools/art/gen_hero.py:build,project-owned (original),
hero/arc_light_cat_gilded/defeat/0,sprite,Art/Resources/ECArt/hero.png#hero/arc_light_cat_gilded/defeat/0,"original, generated",Tools/art/gen_hero.py:build,project-owned (original),
hero/arc_light_cat_gilded/defeat/1,sprite,Art/Resources/ECArt/hero.png#hero/arc_light_cat_gilded/defeat/1,"original, generated",Tools/art/gen_hero.py:build,project-owned (original),
hero/arc_light_cat_gilded/defeat/2,sprite,Art/Resources/ECArt/hero.png#hero/arc_light_cat_gilded/defeat/2,"original, generated",Tools/art/gen_hero.py:build,project-owned (original),
hero/arc_light_cat_gilded/defeat/3,sprite,Art/Resources/ECArt/hero.png#hero/arc_light_cat_gilded/defeat/3,"original, generated",Tools/art/gen_hero.py:build,project-owned (original),
hero/arc_light_cat_gilded/defeat/4,sprite,Art/Resources/ECArt/hero.png#hero/arc_light_cat_gilded/defeat/4,"original, generated",Tools/art/gen_hero.py:build,project-owned (original),
hero/arc_light_cat_gilded/defeat/5,sprite,Art/Resources/ECArt/hero.png#hero/arc_light_cat_gilded/defeat/5,"original, generated",Tools/art/gen_hero.py:build,project-owned (original),
hero/arc_light_cat_gilded/hit/0,sprite,Art/Resources/ECArt/hero.png#hero/arc_light_cat_gilded/hit/0,"original, generated",Tools/art/gen_hero.py:build,project-owned (original),
hero/arc_light_cat_gilded/hit/1,sprite,Art/Resources/ECArt/hero.png#hero/arc_light_cat_gilded/hit/1,"original, generated",Tools/art/gen_hero.py:build,project-owned (original),
hero/arc_light_cat_gilded/hit/2,sprite,Art/Resources/ECArt/hero.png#hero/arc_light_cat_gilded/hit/2,"original, generated",Tools/art/gen_hero.py:build,project-owned (original),
hero/arc_light_cat_gilded/idle/0,sprite,Art/Resources/ECArt/hero.png#hero/arc_light_cat_gilded/idle/0,"original, generated",Tools/art/gen_hero.py:build,project-owned (original),
hero/arc_light_cat_gilded/idle/1,sprite,Art/Resources/ECArt/hero.png#hero/arc_light_cat_gilded/idle/1,"original, generated",Tools/art/gen_hero.py:build,project-owned (original),
hero/arc_light_cat_gilded/idle/2,sprite,Art/Resources/ECArt/hero.png#hero/arc_light_cat_gilded/idle/2,"original, generated",Tools/art/gen_hero.py:build,project-owned (original),
hero/arc_light_cat_gilded/idle/3,sprite,Art/Resources/ECArt/hero.png#hero/arc_light_cat_gilded/idle/3,"original, generated",Tools/art/gen_hero.py:build,project-owned (original),
hero/arc_light_cat_gilded/idle/4,sprite,Art/Resources/ECArt/hero.png#hero/arc_light_cat_gilded/idle/4,"original, generated",Tools/art/gen_hero.py:build,project-owned (original),
hero/arc_light_cat_gilded/idle/5,sprite,Art/Resources/ECArt/hero.png#hero/arc_light_cat_gilded/idle/5,"original, generated",Tools/art/gen_hero.py:build,project-owned (original),
hero/arc_light_cat_gilded/idle/6,sprite,Art/Resources/ECArt/hero.png#hero/arc_light_cat_gilded/idle/6,"original, generated",Tools/art/gen_hero.py:build,project-owned (original),
hero/arc_light_cat_gilded/idle/7,sprite,Art/Resources/ECArt/hero.png#hero/arc_light_cat_gilded/idle/7,"original, generated",Tools/art/gen_hero.py:build,project-owned (original),
hero/arc_light_cat_gilded/victory/0,sprite,Art/Resources/ECArt/hero.png#hero/arc_light_cat_gilded/victory/0,"original, generated",Tools/art/gen_hero.py:build,project-owned (original),
hero/arc_light_cat_gilded/victory/1,sprite,Art/Resources/ECArt/hero.png#hero/arc_light_cat_gilded/victory/1,"original, generated",Tools/art/gen_hero.py:build,project-owned (original),
hero/arc_light_cat_gilded/victory/2,sprite,Art/Resources/ECArt/hero.png#hero/arc_light_cat_gilded/victory/2,"original, generated",Tools/art/gen_hero.py:build,project-owned (original),
hero/arc_light_cat_gilded/victory/3,sprite,Art/Resources/ECArt/hero.png#hero/arc_light_cat_gilded/victory/3,"original, generated",Tools/art/gen_hero.py:build,project-owned (original),
hero/arc_light_cat_gilded/victory/4,sprite,Art/Resources/ECArt/hero.png#hero/arc_light_cat_gilded/victory/4,"original, generated",Tools/art/gen_hero.py:build,project-owned (original),
hero/arc_light_cat_gilded/victory/5,sprite,Art/Resources/ECArt/hero.png#hero/arc_light_cat_gilded/victory/5,"original, generated",Tools/art/gen_hero.py:build,project-owned (original),
icon/ad,sprite,Art/Resources/ECArt/icons.png#icon/ad,"original, generated",Tools/art/gen_icons.py:build,project-owned (original),
icon/arrow_left,sprite,Art/Resources/ECArt/icons.png#icon/arrow_left,"original, generated",Tools/art/gen_icons.py:build,project-owned (original),
icon/arrow_right,sprite,Art/Resources/ECArt/icons.png#icon/arrow_right,"original, generated",Tools/art/gen_icons.py:build,project-owned (original),
icon/back,sprite,Art/Resources/ECArt/icons.png#icon/back,"original, generated",Tools/art/gen_icons.py:build,project-owned (original),
icon/bolt,sprite,Art/Resources/ECArt/icons.png#icon/bolt,"original, generated",Tools/art/gen_icons.py:build,project-owned (original),
icon/bone,sprite,Art/Resources/ECArt/icons.png#icon/bone,"original, generated",Tools/art/gen_icons.py:build,project-owned (original),
icon/boss,sprite,Art/Resources/ECArt/icons.png#icon/boss,"original, generated",Tools/art/gen_icons.py:build,project-owned (original),
icon/calendar,sprite,Art/Resources/ECArt/icons.png#icon/calendar,"original, generated",Tools/art/gen_icons.py:build,project-owned (original),
icon/chain,sprite,Art/Resources/ECArt/icons.png#icon/chain,"original, generated",Tools/art/gen_icons.py:build,project-owned (original),
icon/check,sprite,Art/Resources/ECArt/icons.png#icon/check,"original, generated",Tools/art/gen_icons.py:build,project-owned (original),
icon/clock,sprite,Art/Resources/ECArt/icons.png#icon/clock,"original, generated",Tools/art/gen_icons.py:build,project-owned (original),
icon/close,sprite,Art/Resources/ECArt/icons.png#icon/close,"original, generated",Tools/art/gen_icons.py:build,project-owned (original),
icon/cloud,sprite,Art/Resources/ECArt/icons.png#icon/cloud,"original, generated",Tools/art/gen_icons.py:build,project-owned (original),
icon/crit,sprite,Art/Resources/ECArt/icons.png#icon/crit,"original, generated",Tools/art/gen_icons.py:build,project-owned (original),
icon/crown,sprite,Art/Resources/ECArt/icons.png#icon/crown,"original, generated",Tools/art/gen_icons.py:build,project-owned (original),
icon/enemy/bat_swarm,sprite,Art/Resources/ECArt/icons.png#icon/enemy/bat_swarm,"original, generated",Tools/art/gen_enemies.py:build,project-owned (original),
icon/enemy/bell_priest,sprite,Art/Resources/ECArt/icons.png#icon/enemy/bell_priest,"original, generated",Tools/art/gen_enemies.py:build,project-owned (original),
icon/enemy/crow_archer,sprite,Art/Resources/ECArt/icons.png#icon/enemy/crow_archer,"original, generated",Tools/art/gen_enemies.py:build,project-owned (original),
icon/enemy/hound_runner,sprite,Art/Resources/ECArt/icons.png#icon/enemy/hound_runner,"original, generated",Tools/art/gen_enemies.py:build,project-owned (original),
icon/enemy/iron_golem,sprite,Art/Resources/ECArt/icons.png#icon/enemy/iron_golem,"original, generated",Tools/art/gen_enemies.py:build,project-owned (original),
icon/enemy/king_goldenfang,sprite,Art/Resources/ECArt/icons.png#icon/enemy/king_goldenfang,"original, generated",Tools/art/gen_bosses.py:build,project-owned (original),
icon/enemy/mother_carrion,sprite,Art/Resources/ECArt/icons.png#icon/enemy/mother_carrion,"original, generated",Tools/art/gen_bosses.py:build,project-owned (original),
icon/enemy/powder_rat,sprite,Art/Resources/ECArt/icons.png#icon/enemy/powder_rat,"original, generated",Tools/art/gen_enemies.py:build,project-owned (original),
icon/enemy/rat_raider,sprite,Art/Resources/ECArt/icons.png#icon/enemy/rat_raider,"original, generated",Tools/art/gen_enemies.py:build,project-owned (original),
icon/enemy/shield_guard,sprite,Art/Resources/ECArt/icons.png#icon/enemy/shield_guard,"original, generated",Tools/art/gen_enemies.py:build,project-owned (original),
icon/enemy/sir_barkhelm,sprite,Art/Resources/ECArt/icons.png#icon/enemy/sir_barkhelm,"original, generated",Tools/art/gen_bosses.py:build,project-owned (original),
icon/eye,sprite,Art/Resources/ECArt/icons.png#icon/eye,"original, generated",Tools/art/gen_icons.py:build,project-owned (original),
icon/flag,sprite,Art/Resources/ECArt/icons.png#icon/flag,"original, generated",Tools/art/gen_icons.py:build,project-owned (original),
icon/flame,sprite,Art/Resources/ECArt/icons.png#icon/flame,"original, generated",Tools/art/gen_icons.py:build,project-owned (original),
icon/flash_off,sprite,Art/Resources/ECArt/icons.png#icon/flash_off,"original, generated",Tools/art/gen_icons.py:build,project-owned (original),
icon/gift,sprite,Art/Resources/ECArt/icons.png#icon/gift,"original, generated",Tools/art/gen_icons.py:build,project-owned (original),
icon/globe,sprite,Art/Resources/ECArt/icons.png#icon/globe,"original, generated",Tools/art/gen_icons.py:build,project-owned (original),
icon/gravity,sprite,Art/Resources/ECArt/icons.png#icon/gravity,"original, generated",Tools/art/gen_icons.py:build,project-owned (original),
icon/haste,sprite,Art/Resources/ECArt/icons.png#icon/haste,"original, generated",Tools/art/gen_icons.py:build,project-owned (original),
icon/heart,sprite,Art/Resources/ECArt/icons.png#icon/heart,"original, generated",Tools/art/gen_icons.py:build,project-owned (original),
icon/heart_plus,sprite,Art/Resources/ECArt/icons.png#icon/heart_plus,"original, generated",Tools/art/gen_icons.py:build,project-owned (original),
icon/home,sprite,Art/Resources/ECArt/icons.png#icon/home,"original, generated",Tools/art/gen_icons.py:build,project-owned (original),
icon/info,sprite,Art/Resources/ECArt/icons.png#icon/info,"original, generated",Tools/art/gen_icons.py:build,project-owned (original),
icon/lantern,sprite,Art/Resources/ECArt/icons.png#icon/lantern,"original, generated",Tools/art/gen_icons.py:build,project-owned (original),
icon/lock,sprite,Art/Resources/ECArt/icons.png#icon/lock,"original, generated",Tools/art/gen_icons.py:build,project-owned (original),
icon/magnet,sprite,Art/Resources/ECArt/icons.png#icon/magnet,"original, generated",Tools/art/gen_icons.py:build,project-owned (original),
icon/map,sprite,Art/Resources/ECArt/icons.png#icon/map,"original, generated",Tools/art/gen_icons.py:build,project-owned (original),
icon/minus,sprite,Art/Resources/ECArt/icons.png#icon/minus,"original, generated",Tools/art/gen_icons.py:build,project-owned (original),
icon/module/arc_coil,sprite,Art/Resources/ECArt/icons.png#icon/module/arc_coil,"original, generated",Tools/art/gen_stations.py:build,project-owned (original),
icon/module/bone_ballista,sprite,Art/Resources/ECArt/icons.png#icon/module/bone_ballista,"original, generated",Tools/art/gen_stations.py:build,project-owned (original),
icon/module/ember_maw,sprite,Art/Resources/ECArt/icons.png#icon/module/ember_maw,"original, generated",Tools/art/gen_stations.py:build,project-owned (original),
icon/module/frost_whisker,sprite,Art/Resources/ECArt/icons.png#icon/module/frost_whisker,"original, generated",Tools/art/gen_stations.py:build,project-owned (original),
icon/module/gravity_paw,sprite,Art/Resources/ECArt/icons.png#icon/module/gravity_paw,"original, generated",Tools/art/gen_stations.py:build,project-owned (original),
icon/module/ward_lantern,sprite,Art/Resources/ECArt/icons.png#icon/module/ward_lantern,"original, generated",Tools/art/gen_stations.py:build,project-owned (original),
icon/moon_gold,sprite,Art/Resources/ECArt/icons.png#icon/moon_gold,"original, generated",Tools/art/gen_icons.py:build,project-owned (original),
icon/music,sprite,Art/Resources/ECArt/icons.png#icon/music,"original, generated",Tools/art/gen_icons.py:build,project-owned (original),
icon/numbers,sprite,Art/Resources/ECArt/icons.png#icon/numbers,"original, generated",Tools/art/gen_icons.py:build,project-owned (original),
icon/pause,sprite,Art/Resources/ECArt/icons.png#icon/pause,"original, generated",Tools/art/gen_icons.py:build,project-owned (original),
icon/perk/arc_conductive_chill,sprite,Art/Resources/ECArt/icons.png#icon/perk/arc_conductive_chill,"original, generated",Tools/art/gen_icons.py:build,project-owned (original),
icon/perk/arc_forked_bolt,sprite,Art/Resources/ECArt/icons.png#icon/perk/arc_forked_bolt,"original, generated",Tools/art/gen_icons.py:build,project-owned (original),
icon/perk/arc_overcharged_crown,sprite,Art/Resources/ECArt/icons.png#icon/perk/arc_overcharged_crown,"original, generated",Tools/art/gen_icons.py:build,project-owned (original),
icon/perk/arc_static_mark,sprite,Art/Resources/ECArt/icons.png#icon/perk/arc_static_mark,"original, generated",Tools/art/gen_icons.py:build,project-owned (original),
icon/perk/arc_thunderclap,sprite,Art/Resources/ECArt/icons.png#icon/perk/arc_thunderclap,"original, generated",Tools/art/gen_icons.py:build,project-owned (original),
icon/perk/bone_armour_break,sprite,Art/Resources/ECArt/icons.png#icon/perk/bone_armour_break,"original, generated",Tools/art/gen_icons.py:build,project-owned (original),
icon/perk/bone_barbed_bolts,sprite,Art/Resources/ECArt/icons.png#icon/perk/bone_barbed_bolts,"original, generated",Tools/art/gen_icons.py:build,project-owned (original),
icon/perk/bone_double_nock,sprite,Art/Resources/ECArt/icons.png#icon/perk/bone_double_nock,"original, generated",Tools/art/gen_icons.py:build,project-owned (original),
icon/perk/bone_executioner,sprite,Art/Resources/ECArt/icons.png#icon/perk/bone_executioner,"original, generated",Tools/art/gen_icons.py:build,project-owned (original),
icon/perk/bone_heavy_quarrels,sprite,Art/Resources/ECArt/icons.png#icon/perk/bone_heavy_quarrels,"original, generated",Tools/art/gen_icons.py:build,project-owned (original),
icon/perk/ember_cinder_spread,sprite,Art/Resources/ECArt/icons.png#icon/perk/ember_cinder_spread,"original, generated",Tools/art/gen_icons.py:build,project-owned (original),
icon/perk/ember_furnace_heart,sprite,Art/Resources/ECArt/icons.png#icon/perk/ember_furnace_heart,"original, generated",Tools/art/gen_icons.py:build,project-owned (original),
icon/perk/ember_lingering_embers,sprite,Art/Resources/ECArt/icons.png#icon/perk/ember_lingering_embers,"original, generated",Tools/art/gen_icons.py:build,project-owned (original),
icon/perk/ember_molten_shell,sprite,Art/Resources/ECArt/icons.png#icon/perk/ember_molten_shell,"original, generated",Tools/art/gen_icons.py:build,project-owned (original),
icon/perk/ember_wildfire_pact,sprite,Art/Resources/ECArt/icons.png#icon/perk/ember_wildfire_pact,"original, generated",Tools/art/gen_icons.py:build,project-owned (original),
icon/perk/frost_brittle_armour,sprite,Art/Resources/ECArt/icons.png#icon/perk/frost_brittle_armour,"original, generated",Tools/art/gen_icons.py:build,project-owned (original),
icon/perk/frost_deep_chill,sprite,Art/Resources/ECArt/icons.png#icon/perk/frost_deep_chill,"original, generated",Tools/art/gen_icons.py:build,project-owned (original),
icon/perk/frost_frozen_oath,sprite,Art/Resources/ECArt/icons.png#icon/perk/frost_frozen_oath,"original, generated",Tools/art/gen_icons.py:build,project-owned (original),
icon/perk/frost_shatter,sprite,Art/Resources/ECArt/icons.png#icon/perk/frost_shatter,"original, generated",Tools/art/gen_icons.py:build,project-owned (original),
icon/perk/frost_winter_ring,sprite,Art/Resources/ECArt/icons.png#icon/perk/frost_winter_ring,"original, generated",Tools/art/gen_icons.py:build,project-owned (original),
icon/perk/gravity_crushing_centre,sprite,Art/Resources/ECArt/icons.png#icon/perk/gravity_crushing_centre,"original, generated",Tools/art/gen_icons.py:build,project-owned (original),
icon/perk/gravity_event_horizon,sprite,Art/Resources/ECArt/icons.png#icon/perk/gravity_event_horizon,"original, generated",Tools/art/gen_icons.py:build,project-owned (original),
icon/perk/gravity_falling_star,sprite,Art/Resources/ECArt/icons.png#icon/perk/gravity_falling_star,"original, generated",Tools/art/gen_icons.py:build,project-owned (original),
icon/perk/gravity_unstable_singularity,sprite,Art/Resources/ECArt/icons.png#icon/perk/gravity_unstable_singularity,"original, generated",Tools/art/gen_icons.py:build,project-owned (original),
icon/perk/gravity_wider_orbit,sprite,Art/Resources/ECArt/icons.png#icon/perk/gravity_wider_orbit,"original, generated",Tools/art/gen_icons.py:build,project-owned (original),
icon/perk/ward_guardian_pact,sprite,Art/Resources/ECArt/icons.png#icon/perk/ward_guardian_pact,"original, generated",Tools/art/gen_icons.py:build,project-owned (original),
icon/perk/ward_last_thread,sprite,Art/Resources/ECArt/icons.png#icon/perk/ward_last_thread,"original, generated",Tools/art/gen_icons.py:build,project-owned (original),
icon/perk/ward_mending_purr,sprite,Art/Resources/ECArt/icons.png#icon/perk/ward_mending_purr,"original, generated",Tools/art/gen_icons.py:build,project-owned (original),
icon/perk/ward_reflective_fur,sprite,Art/Resources/ECArt/icons.png#icon/perk/ward_reflective_fur,"original, generated",Tools/art/gen_icons.py:build,project-owned (original),
icon/perk/ward_reinforced_barrier,sprite,Art/Resources/ECArt/icons.png#icon/perk/ward_reinforced_barrier,"original, generated",Tools/art/gen_icons.py:build,project-owned (original),
icon/play,sprite,Art/Resources/ECArt/icons.png#icon/play,"original, generated",Tools/art/gen_icons.py:build,project-owned (original),
icon/play_ad,sprite,Art/Resources/ECArt/icons.png#icon/play_ad,"original, generated",Tools/art/gen_icons.py:build,project-owned (original),
icon/plus,sprite,Art/Resources/ECArt/icons.png#icon/plus,"original, generated",Tools/art/gen_icons.py:build,project-owned (original),
icon/profile,sprite,Art/Resources/ECArt/icons.png#icon/profile,"original, generated",Tools/art/gen_icons.py:build,project-owned (original),
icon/refresh,sprite,Art/Resources/ECArt/icons.png#icon/refresh,"original, generated",Tools/art/gen_icons.py:build,project-owned (original),
icon/regen,sprite,Art/Resources/ECArt/icons.png#icon/regen,"original, generated",Tools/art/gen_icons.py:build,project-owned (original),
icon/scroll,sprite,Art/Resources/ECArt/icons.png#icon/scroll,"original, generated",Tools/art/gen_icons.py:build,project-owned (original),
icon/settings,sprite,Art/Resources/ECArt/icons.png#icon/settings,"original, generated",Tools/art/gen_icons.py:build,project-owned (original),
icon/sfx,sprite,Art/Resources/ECArt/icons.png#icon/sfx,"original, generated",Tools/art/gen_icons.py:build,project-owned (original),
icon/shake_off,sprite,Art/Resources/ECArt/icons.png#icon/shake_off,"original, generated",Tools/art/gen_icons.py:build,project-owned (original),
icon/shield,sprite,Art/Resources/ECArt/icons.png#icon/shield,"original, generated",Tools/art/gen_icons.py:build,project-owned (original),
icon/shop,sprite,Art/Resources/ECArt/icons.png#icon/shop,"original, generated",Tools/art/gen_icons.py:build,project-owned (original),
icon/skull,sprite,Art/Resources/ECArt/icons.png#icon/skull,"original, generated",Tools/art/gen_icons.py:build,project-owned (original),
icon/snowflake,sprite,Art/Resources/ECArt/icons.png#icon/snowflake,"original, generated",Tools/art/gen_icons.py:build,project-owned (original),
icon/spark,sprite,Art/Resources/ECArt/icons.png#icon/spark,"original, generated",Tools/art/gen_icons.py:build,project-owned (original),
icon/speed1,sprite,Art/Resources/ECArt/icons.png#icon/speed1,"original, generated",Tools/art/gen_icons.py:build,project-owned (original),
icon/speed2,sprite,Art/Resources/ECArt/icons.png#icon/speed2,"original, generated",Tools/art/gen_icons.py:build,project-owned (original),
icon/star,sprite,Art/Resources/ECArt/icons.png#icon/star,"original, generated",Tools/art/gen_icons.py:build,project-owned (original),
icon/star_burst,sprite,Art/Resources/ECArt/icons.png#icon/star_burst,"original, generated",Tools/art/gen_icons.py:build,project-owned (original),
icon/star_empty,sprite,Art/Resources/ECArt/icons.png#icon/star_empty,"original, generated",Tools/art/gen_icons.py:build,project-owned (original),
icon/storm_shard,sprite,Art/Resources/ECArt/icons.png#icon/storm_shard,"original, generated",Tools/art/gen_icons.py:build,project-owned (original),
icon/swap,sprite,Art/Resources/ECArt/icons.png#icon/swap,"original, generated",Tools/art/gen_icons.py:build,project-owned (original),
icon/sword,sprite,Art/Resources/ECArt/icons.png#icon/sword,"original, generated",Tools/art/gen_icons.py:build,project-owned (original),
icon/target_nearest,sprite,Art/Resources/ECArt/icons.png#icon/target_nearest,"original, generated",Tools/art/gen_icons.py:build,project-owned (original),
icon/target_ranged,sprite,Art/Resources/ECArt/icons.png#icon/target_ranged,"original, generated",Tools/art/gen_icons.py:build,project-owned (original),
icon/target_strongest,sprite,Art/Resources/ECArt/icons.png#icon/target_strongest,"original, generated",Tools/art/gen_icons.py:build,project-owned (original),
icon/trophy,sprite,Art/Resources/ECArt/icons.png#icon/trophy,"original, generated",Tools/art/gen_icons.py:build,project-owned (original),
icon/up_arrow,sprite,Art/Resources/ECArt/icons.png#icon/up_arrow,"original, generated",Tools/art/gen_icons.py:build,project-owned (original),
icon/vibration,sprite,Art/Resources/ECArt/icons.png#icon/vibration,"original, generated",Tools/art/gen_icons.py:build,project-owned (original),
icon/warning,sprite,Art/Resources/ECArt/icons.png#icon/warning,"original, generated",Tools/art/gen_icons.py:build,project-owned (original),
icon/xp,sprite,Art/Resources/ECArt/icons.png#icon/xp,"original, generated",Tools/art/gen_icons.py:build,project-owned (original),
avatar/arc_light_cat,sprite,Art/Resources/ECArt/portraits.png#avatar/arc_light_cat,"original, generated",Tools/art/gen_hero.py:build,project-owned (original),
avatar/calico_cat,sprite,Art/Resources/ECArt/portraits.png#avatar/calico_cat,"original, generated",Tools/art/gen_stations.py:build,project-owned (original),
avatar/hooded_cat,sprite,Art/Resources/ECArt/portraits.png#avatar/hooded_cat,"original, generated",Tools/art/gen_stations.py:build,project-owned (original),
avatar/orange_cat,sprite,Art/Resources/ECArt/portraits.png#avatar/orange_cat,"original, generated",Tools/art/gen_stations.py:build,project-owned (original),
avatar/purple_eyed_cat,sprite,Art/Resources/ECArt/portraits.png#avatar/purple_eyed_cat,"original, generated",Tools/art/gen_stations.py:build,project-owned (original),
avatar/silver_tabby,sprite,Art/Resources/ECArt/portraits.png#avatar/silver_tabby,"original, generated",Tools/art/gen_stations.py:build,project-owned (original),
avatar/skeletal_cat,sprite,Art/Resources/ECArt/portraits.png#avatar/skeletal_cat,"original, generated",Tools/art/gen_stations.py:build,project-owned (original),
avatar/white_cat,sprite,Art/Resources/ECArt/portraits.png#avatar/white_cat,"original, generated",Tools/art/gen_stations.py:build,project-owned (original),
portrait/arc_coil,sprite,Art/Resources/ECArt/portraits.png#portrait/arc_coil,"original, generated",Tools/art/gen_stations.py:build,project-owned (original),
portrait/arc_light_cat,sprite,Art/Resources/ECArt/portraits.png#portrait/arc_light_cat,"original, generated",Tools/art/gen_hero.py:build,project-owned (original),
portrait/bone_ballista,sprite,Art/Resources/ECArt/portraits.png#portrait/bone_ballista,"original, generated",Tools/art/gen_stations.py:build,project-owned (original),
portrait/ember_maw,sprite,Art/Resources/ECArt/portraits.png#portrait/ember_maw,"original, generated",Tools/art/gen_stations.py:build,project-owned (original),
portrait/frost_whisker,sprite,Art/Resources/ECArt/portraits.png#portrait/frost_whisker,"original, generated",Tools/art/gen_stations.py:build,project-owned (original),
portrait/gravity_paw,sprite,Art/Resources/ECArt/portraits.png#portrait/gravity_paw,"original, generated",Tools/art/gen_stations.py:build,project-owned (original),
portrait/king_goldenfang,sprite,Art/Resources/ECArt/portraits.png#portrait/king_goldenfang,"original, generated",Tools/art/gen_bosses.py:build,project-owned (original),
portrait/mother_carrion,sprite,Art/Resources/ECArt/portraits.png#portrait/mother_carrion,"original, generated",Tools/art/gen_bosses.py:build,project-owned (original),
portrait/sir_barkhelm,sprite,Art/Resources/ECArt/portraits.png#portrait/sir_barkhelm,"original, generated",Tools/art/gen_bosses.py:build,project-owned (original),
portrait/ward_lantern,sprite,Art/Resources/ECArt/portraits.png#portrait/ward_lantern,"original, generated",Tools/art/gen_stations.py:build,project-owned (original),
station/arc_coil/t1/fire/0,sprite,Art/Resources/ECArt/stations.png#station/arc_coil/t1/fire/0,"original, generated",Tools/art/gen_stations.py:build_stations,project-owned (original),
station/arc_coil/t1/fire/1,sprite,Art/Resources/ECArt/stations.png#station/arc_coil/t1/fire/1,"original, generated",Tools/art/gen_stations.py:build_stations,project-owned (original),
station/arc_coil/t1/fire/2,sprite,Art/Resources/ECArt/stations.png#station/arc_coil/t1/fire/2,"original, generated",Tools/art/gen_stations.py:build_stations,project-owned (original),
station/arc_coil/t1/fire/3,sprite,Art/Resources/ECArt/stations.png#station/arc_coil/t1/fire/3,"original, generated",Tools/art/gen_stations.py:build_stations,project-owned (original),
station/arc_coil/t1/fire/4,sprite,Art/Resources/ECArt/stations.png#station/arc_coil/t1/fire/4,"original, generated",Tools/art/gen_stations.py:build_stations,project-owned (original),
station/arc_coil/t1/idle/0,sprite,Art/Resources/ECArt/stations.png#station/arc_coil/t1/idle/0,"original, generated",Tools/art/gen_stations.py:build_stations,project-owned (original),
station/arc_coil/t1/idle/1,sprite,Art/Resources/ECArt/stations.png#station/arc_coil/t1/idle/1,"original, generated",Tools/art/gen_stations.py:build_stations,project-owned (original),
station/arc_coil/t1/idle/2,sprite,Art/Resources/ECArt/stations.png#station/arc_coil/t1/idle/2,"original, generated",Tools/art/gen_stations.py:build_stations,project-owned (original),
station/arc_coil/t1/idle/3,sprite,Art/Resources/ECArt/stations.png#station/arc_coil/t1/idle/3,"original, generated",Tools/art/gen_stations.py:build_stations,project-owned (original),
station/arc_coil/t2/fire/0,sprite,Art/Resources/ECArt/stations.png#station/arc_coil/t2/fire/0,"original, generated",Tools/art/gen_stations.py:build_stations,project-owned (original),
station/arc_coil/t2/fire/1,sprite,Art/Resources/ECArt/stations.png#station/arc_coil/t2/fire/1,"original, generated",Tools/art/gen_stations.py:build_stations,project-owned (original),
station/arc_coil/t2/fire/2,sprite,Art/Resources/ECArt/stations.png#station/arc_coil/t2/fire/2,"original, generated",Tools/art/gen_stations.py:build_stations,project-owned (original),
station/arc_coil/t2/fire/3,sprite,Art/Resources/ECArt/stations.png#station/arc_coil/t2/fire/3,"original, generated",Tools/art/gen_stations.py:build_stations,project-owned (original),
station/arc_coil/t2/fire/4,sprite,Art/Resources/ECArt/stations.png#station/arc_coil/t2/fire/4,"original, generated",Tools/art/gen_stations.py:build_stations,project-owned (original),
station/arc_coil/t2/idle/0,sprite,Art/Resources/ECArt/stations.png#station/arc_coil/t2/idle/0,"original, generated",Tools/art/gen_stations.py:build_stations,project-owned (original),
station/arc_coil/t2/idle/1,sprite,Art/Resources/ECArt/stations.png#station/arc_coil/t2/idle/1,"original, generated",Tools/art/gen_stations.py:build_stations,project-owned (original),
station/arc_coil/t2/idle/2,sprite,Art/Resources/ECArt/stations.png#station/arc_coil/t2/idle/2,"original, generated",Tools/art/gen_stations.py:build_stations,project-owned (original),
station/arc_coil/t2/idle/3,sprite,Art/Resources/ECArt/stations.png#station/arc_coil/t2/idle/3,"original, generated",Tools/art/gen_stations.py:build_stations,project-owned (original),
station/arc_coil/t3/fire/0,sprite,Art/Resources/ECArt/stations.png#station/arc_coil/t3/fire/0,"original, generated",Tools/art/gen_stations.py:build_stations,project-owned (original),
station/arc_coil/t3/fire/1,sprite,Art/Resources/ECArt/stations.png#station/arc_coil/t3/fire/1,"original, generated",Tools/art/gen_stations.py:build_stations,project-owned (original),
station/arc_coil/t3/fire/2,sprite,Art/Resources/ECArt/stations.png#station/arc_coil/t3/fire/2,"original, generated",Tools/art/gen_stations.py:build_stations,project-owned (original),
station/arc_coil/t3/fire/3,sprite,Art/Resources/ECArt/stations.png#station/arc_coil/t3/fire/3,"original, generated",Tools/art/gen_stations.py:build_stations,project-owned (original),
station/arc_coil/t3/fire/4,sprite,Art/Resources/ECArt/stations.png#station/arc_coil/t3/fire/4,"original, generated",Tools/art/gen_stations.py:build_stations,project-owned (original),
station/arc_coil/t3/idle/0,sprite,Art/Resources/ECArt/stations.png#station/arc_coil/t3/idle/0,"original, generated",Tools/art/gen_stations.py:build_stations,project-owned (original),
station/arc_coil/t3/idle/1,sprite,Art/Resources/ECArt/stations.png#station/arc_coil/t3/idle/1,"original, generated",Tools/art/gen_stations.py:build_stations,project-owned (original),
station/arc_coil/t3/idle/2,sprite,Art/Resources/ECArt/stations.png#station/arc_coil/t3/idle/2,"original, generated",Tools/art/gen_stations.py:build_stations,project-owned (original),
station/arc_coil/t3/idle/3,sprite,Art/Resources/ECArt/stations.png#station/arc_coil/t3/idle/3,"original, generated",Tools/art/gen_stations.py:build_stations,project-owned (original),
station/bone_ballista/t1/fire/0,sprite,Art/Resources/ECArt/stations.png#station/bone_ballista/t1/fire/0,"original, generated",Tools/art/gen_stations.py:build_stations,project-owned (original),
station/bone_ballista/t1/fire/1,sprite,Art/Resources/ECArt/stations.png#station/bone_ballista/t1/fire/1,"original, generated",Tools/art/gen_stations.py:build_stations,project-owned (original),
station/bone_ballista/t1/fire/2,sprite,Art/Resources/ECArt/stations.png#station/bone_ballista/t1/fire/2,"original, generated",Tools/art/gen_stations.py:build_stations,project-owned (original),
station/bone_ballista/t1/fire/3,sprite,Art/Resources/ECArt/stations.png#station/bone_ballista/t1/fire/3,"original, generated",Tools/art/gen_stations.py:build_stations,project-owned (original),
station/bone_ballista/t1/fire/4,sprite,Art/Resources/ECArt/stations.png#station/bone_ballista/t1/fire/4,"original, generated",Tools/art/gen_stations.py:build_stations,project-owned (original),
station/bone_ballista/t1/idle/0,sprite,Art/Resources/ECArt/stations.png#station/bone_ballista/t1/idle/0,"original, generated",Tools/art/gen_stations.py:build_stations,project-owned (original),
station/bone_ballista/t1/idle/1,sprite,Art/Resources/ECArt/stations.png#station/bone_ballista/t1/idle/1,"original, generated",Tools/art/gen_stations.py:build_stations,project-owned (original),
station/bone_ballista/t1/idle/2,sprite,Art/Resources/ECArt/stations.png#station/bone_ballista/t1/idle/2,"original, generated",Tools/art/gen_stations.py:build_stations,project-owned (original),
station/bone_ballista/t1/idle/3,sprite,Art/Resources/ECArt/stations.png#station/bone_ballista/t1/idle/3,"original, generated",Tools/art/gen_stations.py:build_stations,project-owned (original),
station/bone_ballista/t2/fire/0,sprite,Art/Resources/ECArt/stations.png#station/bone_ballista/t2/fire/0,"original, generated",Tools/art/gen_stations.py:build_stations,project-owned (original),
station/bone_ballista/t2/fire/1,sprite,Art/Resources/ECArt/stations.png#station/bone_ballista/t2/fire/1,"original, generated",Tools/art/gen_stations.py:build_stations,project-owned (original),
station/bone_ballista/t2/fire/2,sprite,Art/Resources/ECArt/stations.png#station/bone_ballista/t2/fire/2,"original, generated",Tools/art/gen_stations.py:build_stations,project-owned (original),
station/bone_ballista/t2/fire/3,sprite,Art/Resources/ECArt/stations.png#station/bone_ballista/t2/fire/3,"original, generated",Tools/art/gen_stations.py:build_stations,project-owned (original),
station/bone_ballista/t2/fire/4,sprite,Art/Resources/ECArt/stations.png#station/bone_ballista/t2/fire/4,"original, generated",Tools/art/gen_stations.py:build_stations,project-owned (original),
station/bone_ballista/t2/idle/0,sprite,Art/Resources/ECArt/stations.png#station/bone_ballista/t2/idle/0,"original, generated",Tools/art/gen_stations.py:build_stations,project-owned (original),
station/bone_ballista/t2/idle/1,sprite,Art/Resources/ECArt/stations.png#station/bone_ballista/t2/idle/1,"original, generated",Tools/art/gen_stations.py:build_stations,project-owned (original),
station/bone_ballista/t2/idle/2,sprite,Art/Resources/ECArt/stations.png#station/bone_ballista/t2/idle/2,"original, generated",Tools/art/gen_stations.py:build_stations,project-owned (original),
station/bone_ballista/t2/idle/3,sprite,Art/Resources/ECArt/stations.png#station/bone_ballista/t2/idle/3,"original, generated",Tools/art/gen_stations.py:build_stations,project-owned (original),
station/bone_ballista/t3/fire/0,sprite,Art/Resources/ECArt/stations.png#station/bone_ballista/t3/fire/0,"original, generated",Tools/art/gen_stations.py:build_stations,project-owned (original),
station/bone_ballista/t3/fire/1,sprite,Art/Resources/ECArt/stations.png#station/bone_ballista/t3/fire/1,"original, generated",Tools/art/gen_stations.py:build_stations,project-owned (original),
station/bone_ballista/t3/fire/2,sprite,Art/Resources/ECArt/stations.png#station/bone_ballista/t3/fire/2,"original, generated",Tools/art/gen_stations.py:build_stations,project-owned (original),
station/bone_ballista/t3/fire/3,sprite,Art/Resources/ECArt/stations.png#station/bone_ballista/t3/fire/3,"original, generated",Tools/art/gen_stations.py:build_stations,project-owned (original),
station/bone_ballista/t3/fire/4,sprite,Art/Resources/ECArt/stations.png#station/bone_ballista/t3/fire/4,"original, generated",Tools/art/gen_stations.py:build_stations,project-owned (original),
station/bone_ballista/t3/idle/0,sprite,Art/Resources/ECArt/stations.png#station/bone_ballista/t3/idle/0,"original, generated",Tools/art/gen_stations.py:build_stations,project-owned (original),
station/bone_ballista/t3/idle/1,sprite,Art/Resources/ECArt/stations.png#station/bone_ballista/t3/idle/1,"original, generated",Tools/art/gen_stations.py:build_stations,project-owned (original),
station/bone_ballista/t3/idle/2,sprite,Art/Resources/ECArt/stations.png#station/bone_ballista/t3/idle/2,"original, generated",Tools/art/gen_stations.py:build_stations,project-owned (original),
station/bone_ballista/t3/idle/3,sprite,Art/Resources/ECArt/stations.png#station/bone_ballista/t3/idle/3,"original, generated",Tools/art/gen_stations.py:build_stations,project-owned (original),
station/ember_maw/t1/fire/0,sprite,Art/Resources/ECArt/stations.png#station/ember_maw/t1/fire/0,"original, generated",Tools/art/gen_stations.py:build_stations,project-owned (original),
station/ember_maw/t1/fire/1,sprite,Art/Resources/ECArt/stations.png#station/ember_maw/t1/fire/1,"original, generated",Tools/art/gen_stations.py:build_stations,project-owned (original),
station/ember_maw/t1/fire/2,sprite,Art/Resources/ECArt/stations.png#station/ember_maw/t1/fire/2,"original, generated",Tools/art/gen_stations.py:build_stations,project-owned (original),
station/ember_maw/t1/fire/3,sprite,Art/Resources/ECArt/stations.png#station/ember_maw/t1/fire/3,"original, generated",Tools/art/gen_stations.py:build_stations,project-owned (original),
station/ember_maw/t1/fire/4,sprite,Art/Resources/ECArt/stations.png#station/ember_maw/t1/fire/4,"original, generated",Tools/art/gen_stations.py:build_stations,project-owned (original),
station/ember_maw/t1/idle/0,sprite,Art/Resources/ECArt/stations.png#station/ember_maw/t1/idle/0,"original, generated",Tools/art/gen_stations.py:build_stations,project-owned (original),
station/ember_maw/t1/idle/1,sprite,Art/Resources/ECArt/stations.png#station/ember_maw/t1/idle/1,"original, generated",Tools/art/gen_stations.py:build_stations,project-owned (original),
station/ember_maw/t1/idle/2,sprite,Art/Resources/ECArt/stations.png#station/ember_maw/t1/idle/2,"original, generated",Tools/art/gen_stations.py:build_stations,project-owned (original),
station/ember_maw/t1/idle/3,sprite,Art/Resources/ECArt/stations.png#station/ember_maw/t1/idle/3,"original, generated",Tools/art/gen_stations.py:build_stations,project-owned (original),
station/ember_maw/t2/fire/0,sprite,Art/Resources/ECArt/stations.png#station/ember_maw/t2/fire/0,"original, generated",Tools/art/gen_stations.py:build_stations,project-owned (original),
station/ember_maw/t2/fire/1,sprite,Art/Resources/ECArt/stations.png#station/ember_maw/t2/fire/1,"original, generated",Tools/art/gen_stations.py:build_stations,project-owned (original),
station/ember_maw/t2/fire/2,sprite,Art/Resources/ECArt/stations.png#station/ember_maw/t2/fire/2,"original, generated",Tools/art/gen_stations.py:build_stations,project-owned (original),
station/ember_maw/t2/fire/3,sprite,Art/Resources/ECArt/stations.png#station/ember_maw/t2/fire/3,"original, generated",Tools/art/gen_stations.py:build_stations,project-owned (original),
station/ember_maw/t2/fire/4,sprite,Art/Resources/ECArt/stations.png#station/ember_maw/t2/fire/4,"original, generated",Tools/art/gen_stations.py:build_stations,project-owned (original),
station/ember_maw/t2/idle/0,sprite,Art/Resources/ECArt/stations.png#station/ember_maw/t2/idle/0,"original, generated",Tools/art/gen_stations.py:build_stations,project-owned (original),
station/ember_maw/t2/idle/1,sprite,Art/Resources/ECArt/stations.png#station/ember_maw/t2/idle/1,"original, generated",Tools/art/gen_stations.py:build_stations,project-owned (original),
station/ember_maw/t2/idle/2,sprite,Art/Resources/ECArt/stations.png#station/ember_maw/t2/idle/2,"original, generated",Tools/art/gen_stations.py:build_stations,project-owned (original),
station/ember_maw/t2/idle/3,sprite,Art/Resources/ECArt/stations.png#station/ember_maw/t2/idle/3,"original, generated",Tools/art/gen_stations.py:build_stations,project-owned (original),
station/ember_maw/t3/fire/0,sprite,Art/Resources/ECArt/stations.png#station/ember_maw/t3/fire/0,"original, generated",Tools/art/gen_stations.py:build_stations,project-owned (original),
station/ember_maw/t3/fire/1,sprite,Art/Resources/ECArt/stations.png#station/ember_maw/t3/fire/1,"original, generated",Tools/art/gen_stations.py:build_stations,project-owned (original),
station/ember_maw/t3/fire/2,sprite,Art/Resources/ECArt/stations.png#station/ember_maw/t3/fire/2,"original, generated",Tools/art/gen_stations.py:build_stations,project-owned (original),
station/ember_maw/t3/fire/3,sprite,Art/Resources/ECArt/stations.png#station/ember_maw/t3/fire/3,"original, generated",Tools/art/gen_stations.py:build_stations,project-owned (original),
station/ember_maw/t3/fire/4,sprite,Art/Resources/ECArt/stations.png#station/ember_maw/t3/fire/4,"original, generated",Tools/art/gen_stations.py:build_stations,project-owned (original),
station/ember_maw/t3/idle/0,sprite,Art/Resources/ECArt/stations.png#station/ember_maw/t3/idle/0,"original, generated",Tools/art/gen_stations.py:build_stations,project-owned (original),
station/ember_maw/t3/idle/1,sprite,Art/Resources/ECArt/stations.png#station/ember_maw/t3/idle/1,"original, generated",Tools/art/gen_stations.py:build_stations,project-owned (original),
station/ember_maw/t3/idle/2,sprite,Art/Resources/ECArt/stations.png#station/ember_maw/t3/idle/2,"original, generated",Tools/art/gen_stations.py:build_stations,project-owned (original),
station/ember_maw/t3/idle/3,sprite,Art/Resources/ECArt/stations.png#station/ember_maw/t3/idle/3,"original, generated",Tools/art/gen_stations.py:build_stations,project-owned (original),
station/frost_whisker/t1/fire/0,sprite,Art/Resources/ECArt/stations.png#station/frost_whisker/t1/fire/0,"original, generated",Tools/art/gen_stations.py:build_stations,project-owned (original),
station/frost_whisker/t1/fire/1,sprite,Art/Resources/ECArt/stations.png#station/frost_whisker/t1/fire/1,"original, generated",Tools/art/gen_stations.py:build_stations,project-owned (original),
station/frost_whisker/t1/fire/2,sprite,Art/Resources/ECArt/stations.png#station/frost_whisker/t1/fire/2,"original, generated",Tools/art/gen_stations.py:build_stations,project-owned (original),
station/frost_whisker/t1/fire/3,sprite,Art/Resources/ECArt/stations.png#station/frost_whisker/t1/fire/3,"original, generated",Tools/art/gen_stations.py:build_stations,project-owned (original),
station/frost_whisker/t1/fire/4,sprite,Art/Resources/ECArt/stations.png#station/frost_whisker/t1/fire/4,"original, generated",Tools/art/gen_stations.py:build_stations,project-owned (original),
station/frost_whisker/t1/idle/0,sprite,Art/Resources/ECArt/stations.png#station/frost_whisker/t1/idle/0,"original, generated",Tools/art/gen_stations.py:build_stations,project-owned (original),
station/frost_whisker/t1/idle/1,sprite,Art/Resources/ECArt/stations.png#station/frost_whisker/t1/idle/1,"original, generated",Tools/art/gen_stations.py:build_stations,project-owned (original),
station/frost_whisker/t1/idle/2,sprite,Art/Resources/ECArt/stations.png#station/frost_whisker/t1/idle/2,"original, generated",Tools/art/gen_stations.py:build_stations,project-owned (original),
station/frost_whisker/t1/idle/3,sprite,Art/Resources/ECArt/stations.png#station/frost_whisker/t1/idle/3,"original, generated",Tools/art/gen_stations.py:build_stations,project-owned (original),
station/frost_whisker/t2/fire/0,sprite,Art/Resources/ECArt/stations.png#station/frost_whisker/t2/fire/0,"original, generated",Tools/art/gen_stations.py:build_stations,project-owned (original),
station/frost_whisker/t2/fire/1,sprite,Art/Resources/ECArt/stations.png#station/frost_whisker/t2/fire/1,"original, generated",Tools/art/gen_stations.py:build_stations,project-owned (original),
station/frost_whisker/t2/fire/2,sprite,Art/Resources/ECArt/stations.png#station/frost_whisker/t2/fire/2,"original, generated",Tools/art/gen_stations.py:build_stations,project-owned (original),
station/frost_whisker/t2/fire/3,sprite,Art/Resources/ECArt/stations.png#station/frost_whisker/t2/fire/3,"original, generated",Tools/art/gen_stations.py:build_stations,project-owned (original),
station/frost_whisker/t2/fire/4,sprite,Art/Resources/ECArt/stations.png#station/frost_whisker/t2/fire/4,"original, generated",Tools/art/gen_stations.py:build_stations,project-owned (original),
station/frost_whisker/t2/idle/0,sprite,Art/Resources/ECArt/stations.png#station/frost_whisker/t2/idle/0,"original, generated",Tools/art/gen_stations.py:build_stations,project-owned (original),
station/frost_whisker/t2/idle/1,sprite,Art/Resources/ECArt/stations.png#station/frost_whisker/t2/idle/1,"original, generated",Tools/art/gen_stations.py:build_stations,project-owned (original),
station/frost_whisker/t2/idle/2,sprite,Art/Resources/ECArt/stations.png#station/frost_whisker/t2/idle/2,"original, generated",Tools/art/gen_stations.py:build_stations,project-owned (original),
station/frost_whisker/t2/idle/3,sprite,Art/Resources/ECArt/stations.png#station/frost_whisker/t2/idle/3,"original, generated",Tools/art/gen_stations.py:build_stations,project-owned (original),
station/frost_whisker/t3/fire/0,sprite,Art/Resources/ECArt/stations.png#station/frost_whisker/t3/fire/0,"original, generated",Tools/art/gen_stations.py:build_stations,project-owned (original),
station/frost_whisker/t3/fire/1,sprite,Art/Resources/ECArt/stations.png#station/frost_whisker/t3/fire/1,"original, generated",Tools/art/gen_stations.py:build_stations,project-owned (original),
station/frost_whisker/t3/fire/2,sprite,Art/Resources/ECArt/stations.png#station/frost_whisker/t3/fire/2,"original, generated",Tools/art/gen_stations.py:build_stations,project-owned (original),
station/frost_whisker/t3/fire/3,sprite,Art/Resources/ECArt/stations.png#station/frost_whisker/t3/fire/3,"original, generated",Tools/art/gen_stations.py:build_stations,project-owned (original),
station/frost_whisker/t3/fire/4,sprite,Art/Resources/ECArt/stations.png#station/frost_whisker/t3/fire/4,"original, generated",Tools/art/gen_stations.py:build_stations,project-owned (original),
station/frost_whisker/t3/idle/0,sprite,Art/Resources/ECArt/stations.png#station/frost_whisker/t3/idle/0,"original, generated",Tools/art/gen_stations.py:build_stations,project-owned (original),
station/frost_whisker/t3/idle/1,sprite,Art/Resources/ECArt/stations.png#station/frost_whisker/t3/idle/1,"original, generated",Tools/art/gen_stations.py:build_stations,project-owned (original),
station/frost_whisker/t3/idle/2,sprite,Art/Resources/ECArt/stations.png#station/frost_whisker/t3/idle/2,"original, generated",Tools/art/gen_stations.py:build_stations,project-owned (original),
station/frost_whisker/t3/idle/3,sprite,Art/Resources/ECArt/stations.png#station/frost_whisker/t3/idle/3,"original, generated",Tools/art/gen_stations.py:build_stations,project-owned (original),
station/gravity_paw/t1/fire/0,sprite,Art/Resources/ECArt/stations.png#station/gravity_paw/t1/fire/0,"original, generated",Tools/art/gen_stations.py:build_stations,project-owned (original),
station/gravity_paw/t1/fire/1,sprite,Art/Resources/ECArt/stations.png#station/gravity_paw/t1/fire/1,"original, generated",Tools/art/gen_stations.py:build_stations,project-owned (original),
station/gravity_paw/t1/fire/2,sprite,Art/Resources/ECArt/stations.png#station/gravity_paw/t1/fire/2,"original, generated",Tools/art/gen_stations.py:build_stations,project-owned (original),
station/gravity_paw/t1/fire/3,sprite,Art/Resources/ECArt/stations.png#station/gravity_paw/t1/fire/3,"original, generated",Tools/art/gen_stations.py:build_stations,project-owned (original),
station/gravity_paw/t1/fire/4,sprite,Art/Resources/ECArt/stations.png#station/gravity_paw/t1/fire/4,"original, generated",Tools/art/gen_stations.py:build_stations,project-owned (original),
station/gravity_paw/t1/idle/0,sprite,Art/Resources/ECArt/stations.png#station/gravity_paw/t1/idle/0,"original, generated",Tools/art/gen_stations.py:build_stations,project-owned (original),
station/gravity_paw/t1/idle/1,sprite,Art/Resources/ECArt/stations.png#station/gravity_paw/t1/idle/1,"original, generated",Tools/art/gen_stations.py:build_stations,project-owned (original),
station/gravity_paw/t1/idle/2,sprite,Art/Resources/ECArt/stations.png#station/gravity_paw/t1/idle/2,"original, generated",Tools/art/gen_stations.py:build_stations,project-owned (original),
station/gravity_paw/t1/idle/3,sprite,Art/Resources/ECArt/stations.png#station/gravity_paw/t1/idle/3,"original, generated",Tools/art/gen_stations.py:build_stations,project-owned (original),
station/gravity_paw/t2/fire/0,sprite,Art/Resources/ECArt/stations.png#station/gravity_paw/t2/fire/0,"original, generated",Tools/art/gen_stations.py:build_stations,project-owned (original),
station/gravity_paw/t2/fire/1,sprite,Art/Resources/ECArt/stations.png#station/gravity_paw/t2/fire/1,"original, generated",Tools/art/gen_stations.py:build_stations,project-owned (original),
station/gravity_paw/t2/fire/2,sprite,Art/Resources/ECArt/stations.png#station/gravity_paw/t2/fire/2,"original, generated",Tools/art/gen_stations.py:build_stations,project-owned (original),
station/gravity_paw/t2/fire/3,sprite,Art/Resources/ECArt/stations.png#station/gravity_paw/t2/fire/3,"original, generated",Tools/art/gen_stations.py:build_stations,project-owned (original),
station/gravity_paw/t2/fire/4,sprite,Art/Resources/ECArt/stations.png#station/gravity_paw/t2/fire/4,"original, generated",Tools/art/gen_stations.py:build_stations,project-owned (original),
station/gravity_paw/t2/idle/0,sprite,Art/Resources/ECArt/stations.png#station/gravity_paw/t2/idle/0,"original, generated",Tools/art/gen_stations.py:build_stations,project-owned (original),
station/gravity_paw/t2/idle/1,sprite,Art/Resources/ECArt/stations.png#station/gravity_paw/t2/idle/1,"original, generated",Tools/art/gen_stations.py:build_stations,project-owned (original),
station/gravity_paw/t2/idle/2,sprite,Art/Resources/ECArt/stations.png#station/gravity_paw/t2/idle/2,"original, generated",Tools/art/gen_stations.py:build_stations,project-owned (original),
station/gravity_paw/t2/idle/3,sprite,Art/Resources/ECArt/stations.png#station/gravity_paw/t2/idle/3,"original, generated",Tools/art/gen_stations.py:build_stations,project-owned (original),
station/gravity_paw/t3/fire/0,sprite,Art/Resources/ECArt/stations.png#station/gravity_paw/t3/fire/0,"original, generated",Tools/art/gen_stations.py:build_stations,project-owned (original),
station/gravity_paw/t3/fire/1,sprite,Art/Resources/ECArt/stations.png#station/gravity_paw/t3/fire/1,"original, generated",Tools/art/gen_stations.py:build_stations,project-owned (original),
station/gravity_paw/t3/fire/2,sprite,Art/Resources/ECArt/stations.png#station/gravity_paw/t3/fire/2,"original, generated",Tools/art/gen_stations.py:build_stations,project-owned (original),
station/gravity_paw/t3/fire/3,sprite,Art/Resources/ECArt/stations.png#station/gravity_paw/t3/fire/3,"original, generated",Tools/art/gen_stations.py:build_stations,project-owned (original),
station/gravity_paw/t3/fire/4,sprite,Art/Resources/ECArt/stations.png#station/gravity_paw/t3/fire/4,"original, generated",Tools/art/gen_stations.py:build_stations,project-owned (original),
station/gravity_paw/t3/idle/0,sprite,Art/Resources/ECArt/stations.png#station/gravity_paw/t3/idle/0,"original, generated",Tools/art/gen_stations.py:build_stations,project-owned (original),
station/gravity_paw/t3/idle/1,sprite,Art/Resources/ECArt/stations.png#station/gravity_paw/t3/idle/1,"original, generated",Tools/art/gen_stations.py:build_stations,project-owned (original),
station/gravity_paw/t3/idle/2,sprite,Art/Resources/ECArt/stations.png#station/gravity_paw/t3/idle/2,"original, generated",Tools/art/gen_stations.py:build_stations,project-owned (original),
station/gravity_paw/t3/idle/3,sprite,Art/Resources/ECArt/stations.png#station/gravity_paw/t3/idle/3,"original, generated",Tools/art/gen_stations.py:build_stations,project-owned (original),
station/ward_lantern/t1/fire/0,sprite,Art/Resources/ECArt/stations.png#station/ward_lantern/t1/fire/0,"original, generated",Tools/art/gen_stations.py:build_stations,project-owned (original),
station/ward_lantern/t1/fire/1,sprite,Art/Resources/ECArt/stations.png#station/ward_lantern/t1/fire/1,"original, generated",Tools/art/gen_stations.py:build_stations,project-owned (original),
station/ward_lantern/t1/fire/2,sprite,Art/Resources/ECArt/stations.png#station/ward_lantern/t1/fire/2,"original, generated",Tools/art/gen_stations.py:build_stations,project-owned (original),
station/ward_lantern/t1/fire/3,sprite,Art/Resources/ECArt/stations.png#station/ward_lantern/t1/fire/3,"original, generated",Tools/art/gen_stations.py:build_stations,project-owned (original),
station/ward_lantern/t1/fire/4,sprite,Art/Resources/ECArt/stations.png#station/ward_lantern/t1/fire/4,"original, generated",Tools/art/gen_stations.py:build_stations,project-owned (original),
station/ward_lantern/t1/idle/0,sprite,Art/Resources/ECArt/stations.png#station/ward_lantern/t1/idle/0,"original, generated",Tools/art/gen_stations.py:build_stations,project-owned (original),
station/ward_lantern/t1/idle/1,sprite,Art/Resources/ECArt/stations.png#station/ward_lantern/t1/idle/1,"original, generated",Tools/art/gen_stations.py:build_stations,project-owned (original),
station/ward_lantern/t1/idle/2,sprite,Art/Resources/ECArt/stations.png#station/ward_lantern/t1/idle/2,"original, generated",Tools/art/gen_stations.py:build_stations,project-owned (original),
station/ward_lantern/t1/idle/3,sprite,Art/Resources/ECArt/stations.png#station/ward_lantern/t1/idle/3,"original, generated",Tools/art/gen_stations.py:build_stations,project-owned (original),
station/ward_lantern/t2/fire/0,sprite,Art/Resources/ECArt/stations.png#station/ward_lantern/t2/fire/0,"original, generated",Tools/art/gen_stations.py:build_stations,project-owned (original),
station/ward_lantern/t2/fire/1,sprite,Art/Resources/ECArt/stations.png#station/ward_lantern/t2/fire/1,"original, generated",Tools/art/gen_stations.py:build_stations,project-owned (original),
station/ward_lantern/t2/fire/2,sprite,Art/Resources/ECArt/stations.png#station/ward_lantern/t2/fire/2,"original, generated",Tools/art/gen_stations.py:build_stations,project-owned (original),
station/ward_lantern/t2/fire/3,sprite,Art/Resources/ECArt/stations.png#station/ward_lantern/t2/fire/3,"original, generated",Tools/art/gen_stations.py:build_stations,project-owned (original),
station/ward_lantern/t2/fire/4,sprite,Art/Resources/ECArt/stations.png#station/ward_lantern/t2/fire/4,"original, generated",Tools/art/gen_stations.py:build_stations,project-owned (original),
station/ward_lantern/t2/idle/0,sprite,Art/Resources/ECArt/stations.png#station/ward_lantern/t2/idle/0,"original, generated",Tools/art/gen_stations.py:build_stations,project-owned (original),
station/ward_lantern/t2/idle/1,sprite,Art/Resources/ECArt/stations.png#station/ward_lantern/t2/idle/1,"original, generated",Tools/art/gen_stations.py:build_stations,project-owned (original),
station/ward_lantern/t2/idle/2,sprite,Art/Resources/ECArt/stations.png#station/ward_lantern/t2/idle/2,"original, generated",Tools/art/gen_stations.py:build_stations,project-owned (original),
station/ward_lantern/t2/idle/3,sprite,Art/Resources/ECArt/stations.png#station/ward_lantern/t2/idle/3,"original, generated",Tools/art/gen_stations.py:build_stations,project-owned (original),
station/ward_lantern/t3/fire/0,sprite,Art/Resources/ECArt/stations.png#station/ward_lantern/t3/fire/0,"original, generated",Tools/art/gen_stations.py:build_stations,project-owned (original),
station/ward_lantern/t3/fire/1,sprite,Art/Resources/ECArt/stations.png#station/ward_lantern/t3/fire/1,"original, generated",Tools/art/gen_stations.py:build_stations,project-owned (original),
station/ward_lantern/t3/fire/2,sprite,Art/Resources/ECArt/stations.png#station/ward_lantern/t3/fire/2,"original, generated",Tools/art/gen_stations.py:build_stations,project-owned (original),
station/ward_lantern/t3/fire/3,sprite,Art/Resources/ECArt/stations.png#station/ward_lantern/t3/fire/3,"original, generated",Tools/art/gen_stations.py:build_stations,project-owned (original),
station/ward_lantern/t3/fire/4,sprite,Art/Resources/ECArt/stations.png#station/ward_lantern/t3/fire/4,"original, generated",Tools/art/gen_stations.py:build_stations,project-owned (original),
station/ward_lantern/t3/idle/0,sprite,Art/Resources/ECArt/stations.png#station/ward_lantern/t3/idle/0,"original, generated",Tools/art/gen_stations.py:build_stations,project-owned (original),
station/ward_lantern/t3/idle/1,sprite,Art/Resources/ECArt/stations.png#station/ward_lantern/t3/idle/1,"original, generated",Tools/art/gen_stations.py:build_stations,project-owned (original),
station/ward_lantern/t3/idle/2,sprite,Art/Resources/ECArt/stations.png#station/ward_lantern/t3/idle/2,"original, generated",Tools/art/gen_stations.py:build_stations,project-owned (original),
station/ward_lantern/t3/idle/3,sprite,Art/Resources/ECArt/stations.png#station/ward_lantern/t3/idle/3,"original, generated",Tools/art/gen_stations.py:build_stations,project-owned (original),
logo/emblem,sprite,Art/Resources/ECArt/ui.png#logo/emblem,"original, generated",Tools/art/gen_ui.py:add,project-owned (original),
logo/emblem_small,sprite,Art/Resources/ECArt/ui.png#logo/emblem_small,"original, generated",Tools/art/gen_ui.py:add,project-owned (original),
ui/badge,sprite,Art/Resources/ECArt/ui.png#ui/badge,"original, generated",Tools/art/gen_ui.py:add,project-owned (original),
ui/bar_bg,sprite,Art/Resources/ECArt/ui.png#ui/bar_bg,"original, generated",Tools/art/gen_ui.py:add,project-owned (original),
ui/bar_fill,sprite,Art/Resources/ECArt/ui.png#ui/bar_fill,"original, generated",Tools/art/gen_ui.py:add,project-owned (original),
ui/button,sprite,Art/Resources/ECArt/ui.png#ui/button,"original, generated",Tools/art/gen_ui.py:add,project-owned (original),
ui/button_disabled,sprite,Art/Resources/ECArt/ui.png#ui/button_disabled,"original, generated",Tools/art/gen_ui.py:add,project-owned (original),
ui/button_gold,sprite,Art/Resources/ECArt/ui.png#ui/button_gold,"original, generated",Tools/art/gen_ui.py:add,project-owned (original),
ui/button_gold_pressed,sprite,Art/Resources/ECArt/ui.png#ui/button_gold_pressed,"original, generated",Tools/art/gen_ui.py:add,project-owned (original),
ui/button_pressed,sprite,Art/Resources/ECArt/ui.png#ui/button_pressed,"original, generated",Tools/art/gen_ui.py:add,project-owned (original),
ui/button_red,sprite,Art/Resources/ECArt/ui.png#ui/button_red,"original, generated",Tools/art/gen_ui.py:add,project-owned (original),
ui/button_red_pressed,sprite,Art/Resources/ECArt/ui.png#ui/button_red_pressed,"original, generated",Tools/art/gen_ui.py:add,project-owned (original),
ui/card,sprite,Art/Resources/ECArt/ui.png#ui/card,"original, generated",Tools/art/gen_ui.py:add,project-owned (original),
ui/circle,sprite,Art/Resources/ECArt/ui.png#ui/circle,"original, generated",Tools/art/gen_ui.py:add,project-owned (original),
ui/divider,sprite,Art/Resources/ECArt/ui.png#ui/divider,"original, generated",Tools/art/gen_ui.py:add,project-owned (original),
ui/dock,sprite,Art/Resources/ECArt/ui.png#ui/dock,"original, generated",Tools/art/gen_ui.py:add,project-owned (original),
ui/lock,sprite,Art/Resources/ECArt/ui.png#ui/lock,"original, generated",Tools/art/gen_ui.py:add,project-owned (original),
ui/panel,sprite,Art/Resources/ECArt/ui.png#ui/panel,"original, generated",Tools/art/gen_ui.py:add,project-owned (original),
ui/panel_inset,sprite,Art/Resources/ECArt/ui.png#ui/panel_inset,"original, generated",Tools/art/gen_ui.py:add,project-owned (original),
ui/ring,sprite,Art/Resources/ECArt/ui.png#ui/ring,"original, generated",Tools/art/gen_ui.py:add,project-owned (original),
ui/slider_bg,sprite,Art/Resources/ECArt/ui.png#ui/slider_bg,"original, generated",Tools/art/gen_ui.py:add,project-owned (original),
ui/slider_fill,sprite,Art/Resources/ECArt/ui.png#ui/slider_fill,"original, generated",Tools/art/gen_ui.py:add,project-owned (original),
ui/slider_handle,sprite,Art/Resources/ECArt/ui.png#ui/slider_handle,"original, generated",Tools/art/gen_ui.py:add,project-owned (original),
ui/slot_frame,sprite,Art/Resources/ECArt/ui.png#ui/slot_frame,"original, generated",Tools/art/gen_ui.py:add,project-owned (original),
ui/tab,sprite,Art/Resources/ECArt/ui.png#ui/tab,"original, generated",Tools/art/gen_ui.py:add,project-owned (original),
ui/tab_active,sprite,Art/Resources/ECArt/ui.png#ui/tab_active,"original, generated",Tools/art/gen_ui.py:add,project-owned (original),
ui/toggle_off,sprite,Art/Resources/ECArt/ui.png#ui/toggle_off,"original, generated",Tools/art/gen_ui.py:add,project-owned (original),
ui/toggle_on,sprite,Art/Resources/ECArt/ui.png#ui/toggle_on,"original, generated",Tools/art/gen_ui.py:add,project-owned (original),
ui/tooltip,sprite,Art/Resources/ECArt/ui.png#ui/tooltip,"original, generated",Tools/art/gen_ui.py:add,project-owned (original),
ui/topbar,sprite,Art/Resources/ECArt/ui.png#ui/topbar,"original, generated",Tools/art/gen_ui.py:add,project-owned (original),
ui/vignette,sprite,Art/Resources/ECArt/ui.png#ui/vignette,"original, generated",Tools/art/gen_ui.py:add,project-owned (original),
ui/white,sprite,Art/Resources/ECArt/ui.png#ui/white,"original, generated",Tools/art/gen_ui.py:add,project-owned (original),
adaptive_bg_432,launcher icon,Assets/_EvilCats/Art/Icons/adaptive_bg_432.png,"original, generated",Tools/art/gen_marketing.py,project-owned (original),Android launcher / adaptive icon layers
adaptive_fg_432,launcher icon,Assets/_EvilCats/Art/Icons/adaptive_fg_432.png,"original, generated",Tools/art/gen_marketing.py,project-owned (original),Android launcher / adaptive icon layers
launcher_144,launcher icon,Assets/_EvilCats/Art/Icons/launcher_144.png,"original, generated",Tools/art/gen_marketing.py,project-owned (original),Android launcher / adaptive icon layers
launcher_192,launcher icon,Assets/_EvilCats/Art/Icons/launcher_192.png,"original, generated",Tools/art/gen_marketing.py,project-owned (original),Android launcher / adaptive icon layers
launcher_48,launcher icon,Assets/_EvilCats/Art/Icons/launcher_48.png,"original, generated",Tools/art/gen_marketing.py,project-owned (original),Android launcher / adaptive icon layers
launcher_512,launcher icon,Assets/_EvilCats/Art/Icons/launcher_512.png,"original, generated",Tools/art/gen_marketing.py,project-owned (original),Android launcher / adaptive icon layers
launcher_72,launcher icon,Assets/_EvilCats/Art/Icons/launcher_72.png,"original, generated",Tools/art/gen_marketing.py,project-owned (original),Android launcher / adaptive icon layers
launcher_96,launcher icon,Assets/_EvilCats/Art/Icons/launcher_96.png,"original, generated",Tools/art/gen_marketing.py,project-owned (original),Android launcher / adaptive icon layers
feature_graphic_1024x500,store graphic,store/feature_graphic_1024x500.png (outside the Unity project),"original, generated",Tools/art/gen_marketing.py,project-owned (original),Google Play feature graphic
menu,music,Assets/_EvilCats/Audio/Resources/ECAudio/music/menu.ogg,"original, synthesised",Tools/audio/music.py,project-owned (original),"98 bpm, 68.571 s, loop=True"
gravewood,music,Assets/_EvilCats/Audio/Resources/ECAudio/music/gravewood.ogg,"original, synthesised",Tools/audio/music.py,project-owned (original),"120 bpm, 88.0 s, loop=True"
moonfall,music,Assets/_EvilCats/Audio/Resources/ECAudio/music/moonfall.ogg,"original, synthesised",Tools/audio/music.py,project-owned (original),"126 bpm, 83.81 s, loop=True"
boss,music,Assets/_EvilCats/Audio/Resources/ECAudio/music/boss.ogg,"original, synthesised",Tools/audio/music.py,project-owned (original),"144 bpm, 80.0 s, loop=True"
victory,music,Assets/_EvilCats/Audio/Resources/ECAudio/music/victory.ogg,"original, synthesised",Tools/audio/music.py,project-owned (original),"120 bpm, 7.6 s, loop=False"
defeat,music,Assets/_EvilCats/Audio/Resources/ECAudio/music/defeat.ogg,"original, synthesised",Tools/audio/music.py,project-owned (original),"100 bpm, 6.4 s, loop=False"
story,music,Assets/_EvilCats/Audio/Resources/ECAudio/music/story.ogg,"original, synthesised",Tools/audio/music.py,project-owned (original),"100 bpm, 20.7 s, loop=False"
ui_click,sound effect,Assets/_EvilCats/Audio/Resources/ECAudio/sfx/ui_click.ogg,"original, synthesised",Tools/audio/sfx.py,project-owned (original),ui
ui_back,sound effect,Assets/_EvilCats/Audio/Resources/ECAudio/sfx/ui_back.ogg,"original, synthesised",Tools/audio/sfx.py,project-owned (original),ui
ui_denied,sound effect,Assets/_EvilCats/Audio/Resources/ECAudio/sfx/ui_denied.ogg,"original, synthesised",Tools/audio/sfx.py,project-owned (original),ui
ui_toggle,sound effect,Assets/_EvilCats/Audio/Resources/ECAudio/sfx/ui_toggle.ogg,"original, synthesised",Tools/audio/sfx.py,project-owned (original),ui
purchase,sound effect,Assets/_EvilCats/Audio/Resources/ECAudio/sfx/purchase.ogg,"original, synthesised",Tools/audio/sfx.py,project-owned (original),ui
reward,sound effect,Assets/_EvilCats/Audio/Resources/ECAudio/sfx/reward.ogg,"original, synthesised",Tools/audio/sfx.py,project-owned (original),ui
level_up,sound effect,Assets/_EvilCats/Audio/Resources/ECAudio/sfx/level_up.ogg,"original, synthesised",Tools/audio/sfx.py,project-owned (original),ui
perk_pick,sound effect,Assets/_EvilCats/Audio/Resources/ECAudio/sfx/perk_pick.ogg,"original, synthesised",Tools/audio/sfx.py,project-owned (original),ui
arc_bolt,sound effect,Assets/_EvilCats/Audio/Resources/ECAudio/sfx/arc_bolt_0.ogg,"original, synthesised",Tools/audio/sfx.py,project-owned (original),combat
arc_bolt,sound effect,Assets/_EvilCats/Audio/Resources/ECAudio/sfx/arc_bolt_1.ogg,"original, synthesised",Tools/audio/sfx.py,project-owned (original),combat
arc_bolt,sound effect,Assets/_EvilCats/Audio/Resources/ECAudio/sfx/arc_bolt_2.ogg,"original, synthesised",Tools/audio/sfx.py,project-owned (original),combat
chain_jump,sound effect,Assets/_EvilCats/Audio/Resources/ECAudio/sfx/chain_jump_0.ogg,"original, synthesised",Tools/audio/sfx.py,project-owned (original),combat
chain_jump,sound effect,Assets/_EvilCats/Audio/Resources/ECAudio/sfx/chain_jump_1.ogg,"original, synthesised",Tools/audio/sfx.py,project-owned (original),combat
chain_jump,sound effect,Assets/_EvilCats/Audio/Resources/ECAudio/sfx/chain_jump_2.ogg,"original, synthesised",Tools/audio/sfx.py,project-owned (original),combat
arc_storm,sound effect,Assets/_EvilCats/Audio/Resources/ECAudio/sfx/arc_storm.ogg,"original, synthesised",Tools/audio/sfx.py,project-owned (original),combat
ward_cast,sound effect,Assets/_EvilCats/Audio/Resources/ECAudio/sfx/ward_cast.ogg,"original, synthesised",Tools/audio/sfx.py,project-owned (original),combat
barrier_hit,sound effect,Assets/_EvilCats/Audio/Resources/ECAudio/sfx/barrier_hit.ogg,"original, synthesised",Tools/audio/sfx.py,project-owned (original),combat
barrier_break,sound effect,Assets/_EvilCats/Audio/Resources/ECAudio/sfx/barrier_break.ogg,"original, synthesised",Tools/audio/sfx.py,project-owned (original),combat
station_arc_coil,sound effect,Assets/_EvilCats/Audio/Resources/ECAudio/sfx/station_arc_coil.ogg,"original, synthesised",Tools/audio/sfx.py,project-owned (original),combat
station_ember_fire,sound effect,Assets/_EvilCats/Audio/Resources/ECAudio/sfx/station_ember_fire.ogg,"original, synthesised",Tools/audio/sfx.py,project-owned (original),combat
explosion,sound effect,Assets/_EvilCats/Audio/Resources/ECAudio/sfx/explosion.ogg,"original, synthesised",Tools/audio/sfx.py,project-owned (original),combat
frost_bell,sound effect,Assets/_EvilCats/Audio/Resources/ECAudio/sfx/frost_bell.ogg,"original, synthesised",Tools/audio/sfx.py,project-owned (original),combat
freeze,sound effect,Assets/_EvilCats/Audio/Resources/ECAudio/sfx/freeze.ogg,"original, synthesised",Tools/audio/sfx.py,project-owned (original),combat
shatter,sound effect,Assets/_EvilCats/Audio/Resources/ECAudio/sfx/shatter.ogg,"original, synthesised",Tools/audio/sfx.py,project-owned (original),combat
ballista_fire,sound effect,Assets/_EvilCats/Audio/Resources/ECAudio/sfx/ballista_fire.ogg,"original, synthesised",Tools/audio/sfx.py,project-owned (original),combat
ballista_hit,sound effect,Assets/_EvilCats/Audio/Resources/ECAudio/sfx/ballista_hit_0.ogg,"original, synthesised",Tools/audio/sfx.py,project-owned (original),combat
ballista_hit,sound effect,Assets/_EvilCats/Audio/Resources/ECAudio/sfx/ballista_hit_1.ogg,"original, synthesised",Tools/audio/sfx.py,project-owned (original),combat
ballista_hit,sound effect,Assets/_EvilCats/Audio/Resources/ECAudio/sfx/ballista_hit_2.ogg,"original, synthesised",Tools/audio/sfx.py,project-owned (original),combat
ward_pulse,sound effect,Assets/_EvilCats/Audio/Resources/ECAudio/sfx/ward_pulse.ogg,"original, synthesised",Tools/audio/sfx.py,project-owned (original),combat
gravity_pull,sound effect,Assets/_EvilCats/Audio/Resources/ECAudio/sfx/gravity_pull.ogg,"original, synthesised",Tools/audio/sfx.py,project-owned (original),combat
enemy_hit,sound effect,Assets/_EvilCats/Audio/Resources/ECAudio/sfx/enemy_hit_0.ogg,"original, synthesised",Tools/audio/sfx.py,project-owned (original),combat
enemy_hit,sound effect,Assets/_EvilCats/Audio/Resources/ECAudio/sfx/enemy_hit_1.ogg,"original, synthesised",Tools/audio/sfx.py,project-owned (original),combat
enemy_hit,sound effect,Assets/_EvilCats/Audio/Resources/ECAudio/sfx/enemy_hit_2.ogg,"original, synthesised",Tools/audio/sfx.py,project-owned (original),combat
enemy_death,sound effect,Assets/_EvilCats/Audio/Resources/ECAudio/sfx/enemy_death_0.ogg,"original, synthesised",Tools/audio/sfx.py,project-owned (original),combat
enemy_death,sound effect,Assets/_EvilCats/Audio/Resources/ECAudio/sfx/enemy_death_1.ogg,"original, synthesised",Tools/audio/sfx.py,project-owned (original),combat
enemy_death,sound effect,Assets/_EvilCats/Audio/Resources/ECAudio/sfx/enemy_death_2.ogg,"original, synthesised",Tools/audio/sfx.py,project-owned (original),combat
citadel_hit,sound effect,Assets/_EvilCats/Audio/Resources/ECAudio/sfx/citadel_hit_0.ogg,"original, synthesised",Tools/audio/sfx.py,project-owned (original),combat
citadel_hit,sound effect,Assets/_EvilCats/Audio/Resources/ECAudio/sfx/citadel_hit_1.ogg,"original, synthesised",Tools/audio/sfx.py,project-owned (original),combat
citadel_hit,sound effect,Assets/_EvilCats/Audio/Resources/ECAudio/sfx/citadel_hit_2.ogg,"original, synthesised",Tools/audio/sfx.py,project-owned (original),combat
citadel_heavy_hit,sound effect,Assets/_EvilCats/Audio/Resources/ECAudio/sfx/citadel_heavy_hit.ogg,"original, synthesised",Tools/audio/sfx.py,project-owned (original),combat
arrow_fire,sound effect,Assets/_EvilCats/Audio/Resources/ECAudio/sfx/arrow_fire.ogg,"original, synthesised",Tools/audio/sfx.py,project-owned (original),combat
priest_heal,sound effect,Assets/_EvilCats/Audio/Resources/ECAudio/sfx/priest_heal.ogg,"original, synthesised",Tools/audio/sfx.py,project-owned (original),combat
powder_fuse,sound effect,Assets/_EvilCats/Audio/Resources/ECAudio/sfx/powder_fuse.ogg,"original, synthesised",Tools/audio/sfx.py,project-owned (original),combat
powder_explode,sound effect,Assets/_EvilCats/Audio/Resources/ECAudio/sfx/powder_explode.ogg,"original, synthesised",Tools/audio/sfx.py,project-owned (original),combat
golem_step,sound effect,Assets/_EvilCats/Audio/Resources/ECAudio/sfx/golem_step_0.ogg,"original, synthesised",Tools/audio/sfx.py,project-owned (original),combat
golem_step,sound effect,Assets/_EvilCats/Audio/Resources/ECAudio/sfx/golem_step_1.ogg,"original, synthesised",Tools/audio/sfx.py,project-owned (original),combat
golem_step,sound effect,Assets/_EvilCats/Audio/Resources/ECAudio/sfx/golem_step_2.ogg,"original, synthesised",Tools/audio/sfx.py,project-owned (original),combat
bat_swarm,sound effect,Assets/_EvilCats/Audio/Resources/ECAudio/sfx/bat_swarm.ogg,"original, synthesised",Tools/audio/sfx.py,project-owned (original),combat
boss_warning,sound effect,Assets/_EvilCats/Audio/Resources/ECAudio/sfx/boss_warning.ogg,"original, synthesised",Tools/audio/sfx.py,project-owned (original),stinger
boss_roar,sound effect,Assets/_EvilCats/Audio/Resources/ECAudio/sfx/boss_roar.ogg,"original, synthesised",Tools/audio/sfx.py,project-owned (original),combat
bell_toll,sound effect,Assets/_EvilCats/Audio/Resources/ECAudio/sfx/bell_toll.ogg,"original, synthesised",Tools/audio/sfx.py,project-owned (original),ambient
wave_start,sound effect,Assets/_EvilCats/Audio/Resources/ECAudio/sfx/wave_start.ogg,"original, synthesised",Tools/audio/sfx.py,project-owned (original),stinger
wave_clear,sound effect,Assets/_EvilCats/Audio/Resources/ECAudio/sfx/wave_clear.ogg,"original, synthesised",Tools/audio/sfx.py,project-owned (original),stinger
victory_sting,sound effect,Assets/_EvilCats/Audio/Resources/ECAudio/sfx/victory_sting.ogg,"original, synthesised",Tools/audio/sfx.py,project-owned (original),stinger
defeat_sting,sound effect,Assets/_EvilCats/Audio/Resources/ECAudio/sfx/defeat_sting.ogg,"original, synthesised",Tools/audio/sfx.py,project-owned (original),stinger
coin,sound effect,Assets/_EvilCats/Audio/Resources/ECAudio/sfx/coin_0.ogg,"original, synthesised",Tools/audio/sfx.py,project-owned (original),ui
coin,sound effect,Assets/_EvilCats/Audio/Resources/ECAudio/sfx/coin_1.ogg,"original, synthesised",Tools/audio/sfx.py,project-owned (original),ui
coin,sound effect,Assets/_EvilCats/Audio/Resources/ECAudio/sfx/coin_2.ogg,"original, synthesised",Tools/audio/sfx.py,project-owned (original),ui
xp,sound effect,Assets/_EvilCats/Audio/Resources/ECAudio/sfx/xp.ogg,"original, synthesised",Tools/audio/sfx.py,project-owned (original),ui
unlock,sound effect,Assets/_EvilCats/Audio/Resources/ECAudio/sfx/unlock.ogg,"original, synthesised",Tools/audio/sfx.py,project-owned (original),ui
claim,sound effect,Assets/_EvilCats/Audio/Resources/ECAudio/sfx/claim.ogg,"original, synthesised",Tools/audio/sfx.py,project-owned (original),ui
swoosh,sound effect,Assets/_EvilCats/Audio/Resources/ECAudio/sfx/swoosh.ogg,"original, synthesised",Tools/audio/sfx.py,project-owned (original),ui
countdown,sound effect,Assets/_EvilCats/Audio/Resources/ECAudio/sfx/countdown.ogg,"original, synthesised",Tools/audio/sfx.py,project-owned (original),stinger
audio_manifest,audio metadata,Assets/_EvilCats/Audio/Resources/ECAudio/audio_manifest.json,"original, generated",Tools/audio/build_audio.py,project-owned (original),"volumes, voice limits, cooldowns"
PixelifySans-Regular,font,Assets/_EvilCats/UI/Resources/ECUI/Fonts/PixelifySans-Regular.ttf,third party: Pixelify Sans by Stefie Justprince,downloaded font file,SIL Open Font License 1.1 (PixelifySans-OFL.txt next to the font),free for commercial use; keep the licence file; do not sell the font by itself
PixelifySans-Bold,font,Assets/_EvilCats/UI/Resources/ECUI/Fonts/PixelifySans-Bold.ttf,third party: Pixelify Sans by Stefie Justprince,downloaded font file,SIL Open Font License 1.1 (PixelifySans-OFL.txt next to the font),free for commercial use; keep the licence file; do not sell the font by itself
bosses,game data,Assets/_EvilCats/Data/Resources/ECData/bosses.json,original,hand-authored (routes.json: Tools/data/gen_routes.py),project-owned (original),
enemies,game data,Assets/_EvilCats/Data/Resources/ECData/enemies.json,original,hand-authored (routes.json: Tools/data/gen_routes.py),project-owned (original),
game,game data,Assets/_EvilCats/Data/Resources/ECData/game.json,original,hand-authored (routes.json: Tools/data/gen_routes.py),project-owned (original),
missions,game data,Assets/_EvilCats/Data/Resources/ECData/missions.json,original,hand-authored (routes.json: Tools/data/gen_routes.py),project-owned (original),
modules,game data,Assets/_EvilCats/Data/Resources/ECData/modules.json,original,hand-authored (routes.json: Tools/data/gen_routes.py),project-owned (original),
perks,game data,Assets/_EvilCats/Data/Resources/ECData/perks.json,original,hand-authored (routes.json: Tools/data/gen_routes.py),project-owned (original),
progression,game data,Assets/_EvilCats/Data/Resources/ECData/progression.json,original,hand-authored (routes.json: Tools/data/gen_routes.py),project-owned (original),
routes,game data,Assets/_EvilCats/Data/Resources/ECData/routes.json,original,hand-authored (routes.json: Tools/data/gen_routes.py),project-owned (original),
strings_en,game data,Assets/_EvilCats/Data/Resources/ECData/strings_en.json,original,hand-authored (routes.json: Tools/data/gen_routes.py),project-owned (original),
upgrades,game data,Assets/_EvilCats/Data/Resources/ECData/upgrades.json,original,hand-authored (routes.json: Tools/data/gen_routes.py),project-owned (original),
Newtonsoft.Json,code library,Unity package com.unity.nuget.newtonsoft-json 3.2.2,third party,Unity Package Manager,MIT,JSON parsing
Unity packages,engine packages,EvilCats/Packages/manifest.json,third party,Unity Package Manager,Unity Companion License / Unity Terms,"URP, uGUI + TextMeshPro, Input System, Test Framework"
